song,artist,days_on_chart,avg_rank,best_rank,rank_volatility,avg_popularity,avg_duration_min,total_tracks,album_type,is_explicit,first_seen,last_seen
"""Slut!"" (Taylor's Version) (From The Vault)",Taylor Swift,26,15.5,3,12.130127781684742,86.76923076923077,3.00635,21,album,False,2024-10-29,2024-11-23
(Don't Fear) The Reaper,Blue Öyster Cult,1,50.0,50,0.0,77.0,5.1353333333333335,10,album,False,2025-11-02,2025-11-02
(There's No Place Like) Home for the Holidays - 1959 Version,Perry Como,2,45.0,45,0.0,70.0,2.93155,10,album,False,2024-12-26,2024-12-27
16 CARRIAGES,Beyoncé,10,26.0,16,10.63537075569588,64.5,3.8293066666666666,1,single,False,2025-02-14,2025-04-05
2 hands,Tate McRae,7,33.57142857142857,8,12.286267983093195,76.57142857142857,3.0303333333333335,2,single,True,2025-11-17,2025-11-23
28,Zach Bryan,100,27.57,10,12.255079342744775,84.87,3.8888833333333332,19,album,False,2025-07-06,2025-10-26
3001,J. Cole,1,32.0,32,0.0,68.0,2.6308833333333332,12,album,True,2025-04-07,2025-04-07
360,Charli xcx,43,34.04651162790697,19,9.596510993888035,87.69767441860465,2.2300833333333334,15,album,True,2025-07-18,2025-08-31
3D (feat. Jack Harlow),Jung Kook & Jack Harlow,12,26.333333333333332,9,18.430870020076906,66.25,3.3635333333333333,3,single,True,2024-09-30,2024-10-11
500lbs,Lil Tecca,186,24.827956989247312,12,10.007698286456016,83.39247311827957,2.4065,16,album,True,2024-09-24,2025-04-20
505,Arctic Monkeys,17,43.76470588235294,36,3.7504901640436588,80.17647058823529,4.2264333333333335,12,album,False,2025-09-09,2025-10-02
57,KAROL G & Feid & DFZM,1,47.0,47,0.0,69.0,4.968833333333333,1,single,True,2025-11-10,2025-11-10
7 Minute Drill,J. Cole,7,16.571428571428573,3,11.674147261608203,78.85714285714286,3.5368833333333334,12,album,True,2025-04-07,2025-04-13
7969 Santa,Drake,7,15.0,9,4.864839839775475,67.14285714285714,4.330766666666666,23,album,True,2024-10-07,2024-10-13
8am in Charlotte,Drake,7,14.714285714285714,13,1.7043362064926935,66.57142857142857,4.44745,23,album,True,2024-10-07,2024-10-13
A Bar Song (Tipsy),Shaboozey,226,10.765486725663717,1,8.68218374897318,85.39380530973452,2.85485,1,single,True,2025-04-14,2025-11-27
A Holly Jolly Christmas,Burl Ives,37,13.64864864864865,7,9.589392913863552,87.72972972972973,2.2588833333333334,12,album,False,2024-11-20,2024-12-27
A Night To Remember,beabadoobee & Laufey,1,32.0,32,0.0,0.0,3.8898,1,single,False,2024-10-21,2024-10-21
ACHO PR,Bad Bunny,2,28.0,28,0.0,39.0,5.994116666666667,22,album,True,2024-10-14,2024-10-15
ADIVINO,Myke Towers & Bad Bunny,3,40.666666666666664,36,4.041451884327381,85.0,4.644066666666666,1,single,True,2025-04-28,2025-07-16
ALL RED,Playboi Carti,20,18.3,1,10.54863423437017,89.25,2.46755,1,single,True,2025-09-15,2025-10-04
ALLIIGATOR TEARS,Beyoncé,4,34.5,22,12.069244660154448,50.0,2.98995,27,album,False,2025-03-31,2025-04-03
AMERICA HAS A PROBLEM (feat. Kendrick Lamar),Beyoncé,6,37.833333333333336,23,11.651895410904899,81.83333333333333,4.349366666666667,1,single,True,2024-05-26,2024-06-03
AMERICA HAS A PROBLEM (feat. Kendrick Lamar),Beyoncé & Kendrick Lamar,4,22.25,12,12.76388133236386,72.0,4.349366666666667,1,single,True,2024-05-22,2024-05-25
AMERIICAN REQUIEM,Beyoncé,6,25.5,6,15.55313473226539,55.5,5.417283333333334,27,album,False,2025-03-31,2025-04-05
AMG,Natanael Cano & Peso Pluma & Gabito Ballesteros,34,33.05882352941177,20,8.492210964102547,94.23529411764706,2.9157,1,single,True,2024-05-18,2024-06-20
ANTHEM PART 3,blink-182,1,40.0,40,0.0,0.0,3.553183333333333,17,album,True,2024-10-21,2024-10-21
APT.,ROSÉ & Bruno Mars,39,9.051282051282051,1,5.296218700508574,94.71794871794872,2.83195,1,single,False,2025-10-20,2025-11-27
ATTITUDE (FEAT. CHARLIE WILSON & CASH COBAIN),Don Toliver,1,39.0,39,0.0,63.0,2.6842166666666665,16,album,True,2025-06-18,2025-06-18
Abracadabra (feat. Travis Scott),Young Thug,1,49.0,49,0.0,69.0,4.1288833333333335,15,album,True,2024-06-25,2024-06-25
Agora Hills,Doja Cat,175,22.474285714285713,6,12.66718865055316,81.62857142857143,4.422666666666666,15,album,True,2024-09-24,2025-03-23
Ain't No Love,Future & Metro Boomin,1,27.0,27,0.0,0.0,3.0473333333333334,17,album,True,2025-03-24,2025-03-24
Ain't No Love In Oklahoma (From Twisters: The Album),Luke Combs,121,31.214876033057852,15,9.54917676344428,83.65289256198348,3.515833333333333,1,single,False,2025-05-19,2025-10-26
Ain't No Mountain High Enough,Marvin Gaye & Tammi Terrell,1,50.0,50,0.0,87.0,2.5277666666666665,12,album,False,2024-11-24,2024-11-24
Ain't No Sunshine,Bill Withers,1,49.0,49,0.0,86.0,2.0848833333333334,12,album,False,2025-04-10,2025-04-10
All Alone,Lil Uzi Vert,1,22.0,22,0.0,72.0,3.7103,26,album,True,2024-07-02,2024-07-02
All I Want for Christmas Is You,Mariah Carey,75,17.266666666666666,2,15.160700737328957,91.0,4.018433333333333,10,album,False,2024-11-02,2025-11-27
All My Life (feat. J. Cole),Lil Durk,86,22.651162790697676,3,15.24834991409232,82.5,3.7313,21,album,True,2024-05-28,2024-08-25
All My Life (feat. J. Cole),Lil Durk & J. Cole,10,4.5,3,1.0801234497346432,87.2,3.7313,1,single,True,2024-05-18,2024-05-27
All Summer Long,Kid Rock,2,28.0,28,0.0,78.5,4.959766666666667,12,album,False,2024-07-05,2024-07-06
All The Parties (feat. Chief Keef),Drake,7,26.428571428571427,17,7.828519290754432,65.14285714285714,3.6435166666666667,23,album,True,2024-10-07,2024-10-13
All The Stars (with SZA),Kendrick Lamar & SZA,1,46.0,46,0.0,87.0,3.8697666666666666,14,album,True,2025-05-11,2025-05-11
"All The Way Live (Spider-Man: Across the Spider-Verse) (Metro Boomin & Future, Lil Uzi Vert)",Metro Boomin,6,43.0,27,8.07465169527454,77.16666666666667,4.0873333333333335,13,album,False,2024-06-04,2024-06-09
All You Had To Do Was Stay (Taylor's Version),Taylor Swift,9,27.0,11,13.304134695650069,75.22222222222223,3.2214833333333335,21,album,False,2024-10-29,2024-11-06
"Am I Dreaming (Metro Boomin & A$AP Rocky, Roisee)",Metro Boomin,28,24.071428571428573,12,10.687232158839405,87.71428571428571,4.2671,13,album,False,2024-06-04,2024-07-01
Amen (feat. Teezo Touchdown),Drake,7,17.714285714285715,7,8.440266301373152,67.14285714285714,2.3535333333333335,23,album,True,2024-10-07,2024-10-13
American Girl,Tom Petty and the Heartbreakers,4,22.5,11,16.502525059315417,75.0,3.578883333333333,10,album,False,2024-07-05,2025-07-07
American Kids,Kenny Chesney,3,43.666666666666664,43,0.5773502691896247,78.0,3.0493333333333332,11,album,False,2024-07-05,2025-07-06
American Nights,Zach Bryan,8,25.25,13,11.448643088655903,73.625,3.6488833333333335,19,album,False,2025-07-06,2025-07-14
American Pie,Don McLean,3,24.666666666666668,15,16.74315780649915,80.0,8.614883333333333,10,album,False,2024-07-05,2025-07-06
Amped,Lil Uzi Vert,2,23.5,10,19.091883092036785,75.5,2.88435,26,album,True,2024-07-02,2024-07-03
"Annihilate (Spider-Man: Across the Spider-Verse) (Metro Boomin & Swae Lee, Lil Wayne, Offset)",Metro Boomin,28,18.357142857142858,5,13.34503454809867,88.10714285714286,3.862433333333333,13,album,False,2024-06-04,2024-07-01
Another Late Night (feat. Lil Yachty),Drake,7,25.428571428571427,19,5.968169536721256,65.14285714285714,2.8402333333333334,23,album,True,2024-10-07,2024-10-13
Anti-Hero,Taylor Swift,120,32.208333333333336,12,10.487203753958,93.90833333333333,3.3448333333333333,13,album,False,2024-05-18,2025-02-07
Antichrist,Eminem,4,39.5,18,14.364307617610164,76.0,5.2371,19,album,True,2025-07-14,2025-07-17
Apple,Charli xcx,47,31.70212765957447,15,8.799493299683503,87.68085106382979,2.528983333333333,15,album,False,2025-07-25,2025-09-10
Aquí Te Espero,Ivan Cornejo,1,37.0,37,0.0,0.0,4.256216666666667,1,single,False,2024-07-29,2024-07-29
Are You Gone Already,Nicki Minaj,1,18.0,18,0.0,72.0,4.514333333333333,22,album,False,2024-12-10,2024-12-10
Area Codes,Kali,43,18.046511627906977,12,3.6446535426965005,88.02325581395348,2.3220833333333335,1,single,True,2024-05-18,2024-06-29
Area Codes,Kaliii,10,40.0,24,9.921917377424812,91.0,2.3220833333333335,1,single,True,2024-06-30,2024-07-16
As Good As I Once Was,Toby Keith,2,32.0,16,22.627416997969522,76.0,3.7973333333333334,12,album,False,2025-02-08,2025-02-09
As It Was,Harry Styles,92,33.71739130434783,23,6.787716907195761,92.78260869565217,2.7883833333333334,13,album,False,2024-05-18,2025-01-03
Attention,Doja Cat,14,18.785714285714285,3,12.128660091056869,83.78571428571429,4.617383333333334,1,single,True,2024-06-18,2024-07-01
Austin,Dasha,64,32.234375,14,8.625805115401628,84.796875,2.8630333333333335,8,album,True,2025-03-15,2025-05-30
Austin (Boots Stop Workin'),Dasha,134,31.970149253731343,19,7.524336753932427,90.24626865671642,2.8630333333333335,8,album,True,2025-05-31,2025-10-21
Away From Home,Drake,6,30.5,23,6.024948132556827,61.666666666666664,4.309866666666666,23,album,True,2024-10-07,2024-10-12
Aye (feat. Travis Scott),Lil Uzi Vert,3,10.666666666666666,4,7.023769168568493,79.33333333333333,3.4639166666666665,26,album,True,2024-07-02,2024-07-04
BABY NUEVA,Bad Bunny,6,26.333333333333332,13,12.612163441165306,68.83333333333333,4.012883333333333,22,album,True,2024-10-14,2024-10-19
BACK TO ME,Kanye West & Ty Dolla $ign,4,13.75,3,16.276260831857748,80.25,4.924516666666666,16,album,True,2025-02-12,2025-02-15
BACK TO ME,¥$ & Kanye West & Ty Dolla $ign,7,33.714285714285715,10,16.47942440048889,60.285714285714285,4.924516666666666,16,album,True,2025-02-16,2025-02-22
BAND4BAND (feat. Lil Baby),Central Cee & Lil Baby,34,24.91176470588235,11,12.42521299630574,86.61764705882354,2.34555,1,single,True,2025-05-28,2025-06-30
BANDIT,Don Toliver,6,40.0,30,6.542170893518451,54.666666666666664,2.4617666666666667,16,album,True,2025-06-16,2025-06-23
BATICANO,Bad Bunny,2,27.0,27,0.0,39.0,4.266666666666667,22,album,True,2024-10-14,2024-10-15
BBL Love - Interlude,Drake,5,38.8,24,12.296340919151518,57.8,2.6893833333333332,23,album,True,2024-10-07,2024-10-11
BEG FORGIVENESS,Kanye West & Ty Dolla $ign,3,26.0,21,5.0,79.66666666666667,6.14565,16,album,True,2025-02-13,2025-02-15
BEG FORGIVENESS,¥$ & Kanye West & Ty Dolla $ign,1,39.0,39,0.0,0.0,6.14565,16,album,True,2025-02-16,2025-02-16
BELLAKEO,Peso Pluma & Anitta,27,42.407407407407405,30,6.558958989042621,92.77777777777777,3.288883333333333,1,single,True,2024-12-28,2025-01-30
BEST INTEREST,"Tyler, The Creator",3,44.333333333333336,44,0.5773502691896263,82.33333333333333,2.1320166666666664,1,single,True,2025-10-30,2025-11-01
BIRDS OF A FEATHER,Billie Eilish,191,5.2565445026178015,2,3.1224394304282823,97.15706806282722,3.5062166666666665,10,album,False,2025-05-19,2025-11-27
BITTERSUITE,Billie Eilish,10,31.6,19,12.482877161224579,81.8,4.974,10,album,False,2025-05-19,2025-05-30
BLACKBIIRD,Beyoncé,5,22.2,7,11.819475453673908,54.6,2.19915,27,album,False,2025-03-31,2025-04-04
BLUE,Billie Eilish,21,29.428571428571427,17,9.20636425833471,86.85714285714286,5.718666666666667,10,album,False,2025-05-19,2025-06-08
BODYGUARD,Beyoncé,10,23.2,8,12.227473619317733,81.3,4.0042333333333335,27,album,True,2025-03-31,2025-04-09
BROTHER STONE (FEAT. KODAK BLACK),Don Toliver,1,46.0,46,0.0,0.0,3.3806666666666665,16,album,True,2025-06-16,2025-06-16
BURN,Kanye West & Ty Dolla $ign,3,6.0,6,0.0,83.0,1.8576333333333332,16,album,True,2025-02-13,2025-02-15
BURN,¥$ & Kanye West & Ty Dolla $ign,23,24.217391304347824,6,8.317323224009527,79.8695652173913,1.8576333333333332,16,album,True,2025-02-16,2025-03-10
BYE,Peso Pluma,9,38.111111111111114,22,9.360080721399314,69.66666666666667,3.5496,14,album,True,2024-06-25,2024-07-07
Baby Please,Ivan Cornejo,1,46.0,46,0.0,66.0,2.972,1,single,False,2025-03-17,2025-03-17
"Baby, It's Cold Outside",Dean Martin,3,39.333333333333336,37,4.041451884327381,83.0,2.39555,12,album,False,2024-12-25,2024-12-27
Back To December (Taylor's Version),Taylor Swift,11,20.818181818181817,2,19.077831018321668,81.45454545454545,4.90315,22,album,False,2024-07-09,2024-07-19
Bad Blood (Taylor's Version),Taylor Swift,4,29.75,17,11.7011395456454,62.0,3.5183833333333334,21,album,False,2024-10-29,2024-11-01
Bad Blood (feat. Kendrick Lamar) (Taylor's Version),Taylor Swift,3,31.0,27,4.0,75.33333333333333,3.32955,22,album,False,2024-10-29,2024-10-31
Bad Habit,Steve Lacy,34,44.11764705882353,35,3.4532786869639636,85.0,3.8677666666666664,10,album,True,2024-05-18,2024-06-24
Bad One,Eminem,1,35.0,35,0.0,69.0,4.5001,19,album,True,2025-07-14,2025-07-14
Bahamas Promises,Drake,7,20.142857142857142,10,6.283008075451637,66.0,3.06815,23,album,True,2024-10-07,2024-10-13
Balloon (feat. Doechii),"Tyler, The Creator",13,29.307692307692307,13,11.250071224845758,80.0,2.571016666666666,14,album,True,2025-10-30,2025-11-21
Bandit,Don Toliver,50,36.96,9,9.743569307863664,85.84,2.4624333333333333,1,single,True,2025-02-04,2025-05-10
Barbie Dangerous,Nicki Minaj,1,19.0,19,0.0,71.0,2.2133166666666666,22,album,True,2024-12-10,2024-12-10
Barbie World (with Aqua) [From Barbie The Album],Nicki Minaj & Ice Spice & Aqua,104,18.75,1,13.995665070896028,92.00961538461539,1.8291666666666666,1,single,True,2024-06-25,2024-10-06
Beautiful Things,Benson Boone,307,14.700325732899023,1,8.940330513883309,90.83061889250814,3.0050666666666666,1,single,False,2025-01-21,2025-11-27
Bed Chem,Sabrina Carpenter,96,16.260416666666668,6,10.625931331731193,89.86458333333333,2.8644833333333337,12,album,False,2025-08-24,2025-11-27
Beep Beep,Nicki Minaj,1,43.0,43,0.0,70.0,1.59035,22,album,True,2024-12-10,2024-12-10
Beer For My Horses,Toby Keith,1,18.0,18,0.0,74.0,3.4,13,album,False,2025-02-08,2025-02-08
Belong Together,Mark Ambor,3,48.0,47,1.0,93.0,2.47195,1,single,False,2025-05-16,2025-05-18
Better Days (feat. John Mayer),Zach Bryan,7,29.714285714285715,24,7.134757312253998,71.0,3.5411,19,album,False,2025-07-06,2025-07-13
Better Than Revenge (Taylor's Version),Taylor Swift,7,17.857142857142858,5,12.562226069034255,74.71428571428571,3.6717666666666666,22,album,False,2024-07-09,2024-07-15
Big Dawgs,Hanumankind & Kalmi,59,28.16949152542373,13,10.648219119958561,89.77966101694915,3.177766666666667,1,single,True,2025-07-31,2025-10-01
Big Difference,Nicki Minaj,1,49.0,49,0.0,69.0,3.1862333333333335,22,album,True,2024-12-10,2024-12-10
Big Foot,Nicki Minaj,2,16.5,10,9.192388155425117,73.5,4.371133333333334,2,single,True,2025-01-31,2025-02-01
Blank Space,Taylor Swift,21,37.142857142857146,12,10.160146230668701,82.95238095238095,3.863766666666667,13,album,False,2024-08-10,2024-10-28
Blank Space (Taylor's Version),Taylor Swift,11,22.272727272727273,7,12.353873150481261,79.27272727272727,3.8638833333333333,21,album,False,2024-10-29,2024-11-08
Blinding Lights,The Weeknd,1,46.0,46,0.0,92.0,3.334,14,album,False,2024-11-01,2024-11-01
Bloody Mary,Lady Gaga,1,32.0,32,0.0,73.0,4.0793333333333335,22,album,False,2025-11-02,2025-11-02
Blue Christmas,Elvis Presley,30,33.06666666666667,16,10.705890525968542,86.13333333333334,2.1528833333333335,12,album,False,2024-11-25,2024-12-27
Bongos (feat. Megan Thee Stallion),Cardi B & Megan Thee Stallion,9,36.666666666666664,26,7.1063352017759485,78.66666666666667,2.9183166666666667,1,single,True,2024-09-10,2024-09-18
Boons,Zach Bryan,1,37.0,37,0.0,64.0,3.0862166666666666,19,album,False,2025-07-06,2025-07-06
Born in the U.S.A.,Bruce Springsteen,4,17.75,8,17.55704986607944,77.75,4.644666666666667,12,album,False,2024-07-05,2025-07-07
Boy's a Liar Pt. 2,PinkPantheress & Ice Spice,100,24.87,9,10.609367882616137,94.21,2.18355,2,single,False,2024-05-18,2024-09-05
Boys Of Faith (feat. Bon Iver),Zach Bryan & Bon Iver,8,25.75,13,14.839618786016228,55.5,2.8470666666666666,1,single,True,2024-09-24,2024-10-01
Brand New Dance,Eminem,6,27.5,10,13.794926603646719,78.66666666666667,3.44415,19,album,True,2025-07-14,2025-07-19
Breaking News - skit,Eminem,1,31.0,31,0.0,69.0,0.6219,19,album,True,2025-07-14,2025-07-14
Breathe,Yeat,38,23.210526315789473,14,7.2714097474633475,83.86842105263158,2.84745,22,album,True,2025-02-18,2025-03-30
Brown Eyed Girl,Van Morrison,3,40.0,29,9.539392014169456,85.0,3.0551,8,album,False,2025-07-06,2025-07-08
But Daddy I Love Him,Taylor Swift,33,21.181818181818183,5,12.763361982287783,83.66666666666667,5.6738,16,album,True,2025-04-21,2025-05-23
Bye,Peso Pluma,24,29.458333333333332,21,5.283108165091641,87.70833333333333,3.5496,1,single,True,2024-06-02,2024-07-01
Bye Bye Bye - From Deadpool and Wolverine Soundtrack,*NSYNC,16,36.3125,24,5.918544303007851,85.25,3.34,12,album,False,2025-07-31,2025-08-16
CARNIVAL,Kanye West & Ty Dolla $ign,4,6.0,1,10.0,82.0,4.4054,16,album,True,2025-02-12,2025-02-15
CARNIVAL,¥$ & Kanye West & Ty Dolla $ign,103,16.825242718446603,1,17.92381873727763,92.59223300970874,4.4054,1,single,True,2025-02-16,2025-05-31
CHIHIRO,Billie Eilish,56,21.767857142857142,5,14.13698061041398,91.48214285714286,5.057333333333333,10,album,False,2025-05-19,2025-07-25
CIRCUS MAXIMUS,Travis Scott,3,17.666666666666668,12,5.507570547286101,54.333333333333336,4.314033333333334,19,album,True,2024-07-29,2024-07-31
CIRCUS MAXIMUS (feat. The Weeknd & Swae Lee),Travis Scott,5,28.6,23,4.929503017546495,86.2,4.314033333333334,19,album,True,2024-08-01,2024-08-05
CS,Lil Uzi Vert,1,27.0,27,0.0,20.0,3.534,26,album,False,2024-07-02,2024-07-02
CYBERTRUCK,Bad Bunny,5,19.8,7,11.713240371477058,65.8,3.199316666666667,22,album,True,2024-10-14,2024-10-18
California Sober (Feat. Chris Stapleton),Post Malone,6,34.333333333333336,17,11.500724614852174,66.83333333333333,3.40685,18,album,True,2025-08-17,2025-08-22
Call Your Friends,Rod Wave,1,33.0,33,0.0,0.0,2.5521333333333334,1,single,True,2024-08-19,2024-08-19
Call Your Mom,Noah Kahan,1,35.0,35,0.0,66.0,4.6445,21,album,False,2024-06-11,2024-06-11
"Calling (Spider-Man: Across the Spider-Verse) (Metro Boomin & Swae Lee, NAV, feat. A Boogie Wit da Hoodie)",Metro Boomin,31,16.225806451612904,4,10.138078967994396,89.48387096774194,3.65755,13,album,False,2024-06-04,2024-07-08
Calling For You (feat. 21 Savage),Drake,7,8.142857142857142,4,4.740906081772817,68.57142857142857,4.7605,23,album,True,2024-10-07,2024-10-13
Calm Down (with Selena Gomez),Rema,52,42.55769230769231,35,3.7069804928077668,81.40384615384616,3.9886166666666663,22,album,False,2024-05-18,2025-01-03
Can’t Catch Me Now - from The Hunger Games: The Ballad of Songbirds & Snakes,Olivia Rodrigo,8,31.625,23,11.057479692174756,69.25,3.424716666666667,1,single,False,2024-11-04,2024-11-11
Can’t Catch Me Now - from The Hunger Games: The Ballad of Songbirds & Snakes,Olivia Rodrigo & Rachel Zegler & Flatland Cavalry,35,36.51428571428571,13,10.533898860824703,78.77142857142857,3.424716666666667,17,album,False,2024-11-18,2025-01-12
Cars Bring Me Out (feat. Future),Young Thug,1,17.0,17,0.0,71.0,3.382216666666667,15,album,True,2024-06-25,2024-06-25
Cassandra,Taylor Swift,7,39.57142857142857,32,7.207800007795784,81.85714285714286,4.003416666666666,31,album,True,2025-04-21,2025-04-27
Castles Crumbling (feat. Hayley Williams) (Taylor’s Version) (From The Vault),Taylor Swift,7,15.571428571428571,10,9.089502055616007,73.57142857142857,5.1010333333333335,22,album,False,2024-07-09,2024-07-15
Casual,Chappell Roan,81,41.75308641975309,29,5.8170672683869045,85.9753086419753,3.879933333333333,14,album,True,2025-07-20,2025-10-17
"Changes In Latitudes, Changes In Attitudes",Jimmy Buffett,1,50.0,50,0.0,58.0,3.288883333333333,10,album,False,2024-09-03,2024-09-03
Cheeseburger In Paradise,Jimmy Buffett,2,38.0,30,11.313708498984761,63.0,2.9348833333333335,9,album,False,2024-09-03,2024-09-04
Chemical,Post Malone,26,38.96153846153846,27,8.258235982245935,90.0,3.0668833333333336,1,single,True,2024-05-18,2024-08-23
Chicken Fried,Zac Brown Band,4,24.5,10,17.69180601295413,82.25,3.9691,12,album,False,2024-07-05,2025-07-06
Chill Bae,Lil Uzi Vert,1,40.0,40,0.0,65.0,2.3053833333333333,16,album,True,2025-11-03,2025-11-03
Chloe or Sam or Sophia or Marcus,Taylor Swift,8,34.625,27,7.229651246281327,83.375,3.554683333333333,31,album,False,2025-04-21,2025-04-28
Christmas (Baby Please Come Home),Darlene Love,31,34.45161290322581,20,9.26944338378315,81.64516129032258,2.7742166666666668,15,album,False,2024-11-25,2024-12-27
Christmas (Baby Please Come Home),Mariah Carey,1,47.0,47,0.0,88.0,2.554,10,album,False,2024-12-25,2024-12-25
Christmas Time Is Here,Vince Guaraldi Trio,12,39.75,27,9.245391972613854,82.91666666666667,2.7182166666666667,14,album,False,2024-12-12,2024-12-27
Christmas Tree Farm,Taylor Swift,2,41.5,40,2.1213203435596424,87.0,3.8004333333333333,1,single,False,2024-12-24,2024-12-25
Cinderella,Future & Metro Boomin,27,20.666666666666668,7,8.651367166301165,84.48148148148148,2.8306666666666667,17,album,True,2025-03-24,2025-04-20
Clara Bow,Taylor Swift,13,29.46153846153846,19,10.40525015409196,78.61538461538461,3.6110333333333333,16,album,False,2025-04-21,2025-05-03
Claustrophobic,Future & Metro Boomin,4,30.5,14,11.561430130683084,59.0,3.7008833333333335,17,album,True,2025-03-24,2025-03-28
Clean (Taylor's Version),Taylor Swift,8,28.625,14,12.094124901904113,73.125,4.516666666666667,21,album,False,2024-10-29,2024-11-05
Close To You,Gracie Abrams,21,35.76190476190476,26,7.725961182304516,70.95238095238095,3.766216666666667,1,single,False,2025-06-09,2025-06-29
Clouded,Brent Faiyaz,18,43.388888888888886,34,4.729617431225451,85.55555555555556,1.8354666666666664,10,album,True,2024-09-19,2024-10-20
Cobra,Megan Thee Stallion,3,45.0,45,0.0,46.0,2.815533333333333,1,single,True,2024-11-04,2024-11-06
Coincidence,Sabrina Carpenter,24,27.041666666666668,12,12.369243647280825,82.5,2.7367000000000004,12,album,False,2025-08-24,2025-09-16
Come Monday,Jimmy Buffett,1,44.0,44,0.0,59.0,3.19555,11,album,False,2024-09-03,2024-09-03
Cool With You,NewJeans,4,34.0,26,11.313708498984761,81.25,2.4646666666666666,6,single,False,2024-07-23,2024-07-26
Corazón de Piedra,Xavi,8,45.5,42,2.449489742783178,88.25,3.2261333333333333,1,single,False,2025-04-05,2025-04-13
"Courtesy Of The Red, White And Blue (The Angry American)",Toby Keith,7,19.857142857142858,10,8.802056036869482,74.42857142857143,3.2588833333333334,13,album,False,2024-07-05,2025-07-08
Cowgirls (feat. ERNEST),Morgan Wallen,184,31.39673913043478,17,8.749719134751677,84.80978260869566,3.0270166666666665,36,album,False,2025-05-06,2025-11-22
Creepin' (with The Weeknd & 21 Savage),Metro Boomin,55,36.70909090909091,24,6.468363830191575,95.92727272727272,3.692,15,album,True,2024-05-18,2024-07-22
Crocodile Tearz,J. Cole,6,22.5,4,13.780420893427022,77.33333333333333,3.8197666666666668,12,album,True,2025-04-07,2025-04-12
Cruel Summer,Taylor Swift,388,16.917525773195877,1,13.6252312712745,97.00773195876289,2.973766666666667,18,album,False,2024-05-18,2025-08-03
Cruel Summer - Live from TS | The Eras Tour,Taylor Swift,2,28.0,10,25.45584412271571,0.0,3.8261,3,single,False,2024-10-20,2024-10-21
Crush Em,Lil Uzi Vert,3,25.666666666666668,7,20.13289182738867,77.0,2.759816666666667,26,album,True,2024-07-02,2024-07-04
Cry,Benson Boone,2,47.0,46,1.4142135623730951,74.0,3.1059833333333335,15,album,False,2025-04-07,2025-04-13
Cupid - Twin Ver.,FIFTY FIFTY,71,25.746478873239436,7,11.819739312884495,98.19718309859155,2.9042166666666667,3,single,False,2024-05-18,2024-07-28
DAUGHTER,Beyoncé,6,28.0,13,12.505998560690786,53.5,3.3975166666666667,27,album,False,2025-03-31,2025-04-05
DELRESTO (ECHOES),Travis Scott,3,12.0,8,4.58257569495584,55.666666666666664,4.56895,19,album,True,2024-07-29,2024-07-31
DELRESTO (ECHOES) (feat. Beyoncé),Travis Scott,5,18.4,16,2.4083189157584592,87.4,4.56895,19,album,True,2024-08-01,2024-08-05
DESERT EAGLE,Beyoncé,2,35.5,31,6.363961030678928,46.5,1.2074666666666667,27,album,False,2025-03-31,2025-04-01
DEVIL IS A LIE,Tommy Richman,46,27.0,13,10.130262692656206,83.95652173913044,2.1824,1,single,True,2025-06-18,2025-08-03
DJ Got Us Fallin' In Love (feat. Pitbull),USHER,2,38.0,37,1.4142135623730951,85.0,3.68,22,album,False,2025-02-13,2025-02-14
DO IT,Kanye West & Ty Dolla $ign,3,14.0,11,3.0,81.33333333333333,3.75,16,album,True,2025-02-13,2025-02-15
DO IT,¥$ & Kanye West & Ty Dolla $ign,2,25.5,22,4.949747468305833,14.0,3.75,16,album,True,2025-02-16,2025-02-17
DOS DÍAS,Tito Double P,9,48.0,45,1.732050807568877,88.0,2.5654666666666666,21,album,True,2025-10-26,2025-11-14
Dance The Night (From Barbie The Album),Dua Lipa,48,18.125,8,10.2596607301544,94.79166666666667,2.942983333333333,1,single,False,2024-05-28,2024-08-30
Dance The Night - From Barbie The Album,Dua Lipa,43,28.372093023255815,14,8.775027488259626,95.53488372093024,2.9429833333333333,1,single,False,2024-08-31,2025-01-03
Dancing In The Flames,The Weeknd,7,23.857142857142858,10,8.173709305420875,82.0,3.6672666666666665,1,single,False,2025-09-15,2025-09-21
Danger (Spider) (Offset & JID),Metro Boomin,1,49.0,49,0.0,70.0,3.4211,13,album,False,2024-06-04,2024-06-04
Dark Red,Steve Lacy,27,45.851851851851855,40,3.48296628336453,89.62962962962963,2.8850666666666664,1,single,False,2024-10-02,2025-01-11
"Darling, I (feat. Teezo Touchdown)","Tyler, The Creator",26,14.923076923076923,2,11.099272325420534,85.88461538461539,4.230566666666666,14,album,True,2025-10-30,2025-11-24
Dawns (feat. Maggie Rogers),Zach Bryan & Maggie Rogers,4,49.5,49,0.5773502691896247,84.0,4.8482,1,single,True,2024-09-01,2024-09-08
Daylight,David Kushner,55,37.2,17,9.101078487170058,97.4,3.5492166666666667,1,single,False,2024-05-18,2024-09-14
Daylight,Drake,7,9.428571428571429,6,3.7352886036263584,68.0,2.7357,23,album,True,2024-10-07,2024-10-13
Days Come and Go,Lil Uzi Vert,1,40.0,40,0.0,69.0,4.29455,26,album,True,2024-07-02,2024-07-02
Dead or Alive,Lil Tecca,1,47.0,47,0.0,30.0,2.04145,16,album,True,2024-09-24,2024-09-24
Dear John (Taylor's Version),Taylor Swift,7,19.857142857142858,6,13.993195625357485,74.57142857142857,6.7650999999999994,22,album,False,2024-07-09,2024-07-15
Deck The Hall,Nat King Cole,12,30.416666666666668,22,7.166314297186564,87.91666666666667,1.146,19,album,False,2024-12-16,2024-12-27
Deck The Halls,Nat King Cole,15,41.2,30,6.212889826803628,83.93333333333334,1.146,19,album,False,2024-11-25,2024-12-15
Deep Satin,Zach Bryan,4,32.75,22,9.429563439877091,54.0,3.5199,5,single,False,2024-09-24,2024-09-27
Deeper Well,Kacey Musgraves,2,38.0,28,14.142135623730951,65.0,3.8688833333333332,1,single,False,2025-02-11,2025-03-17
Defying Gravity,Wicked Movie Cast & Cynthia Erivo & Ariana Grande,3,34.666666666666664,22,12.055427546683415,74.0,7.662766666666666,12,album,False,2025-11-25,2025-11-27
Deli,Ice Spice,33,40.81818181818182,19,7.739729264703584,82.42424242424242,2.1142833333333333,11,single,True,2024-07-23,2024-08-25
Demons,Doja Cat,8,37.375,26,8.210402808980463,68.625,3.25955,1,single,True,2024-09-03,2024-09-24
Devil I've Been (Feat. ERNEST),Post Malone,3,38.666666666666664,32,5.773502691896258,57.0,3.0487333333333333,18,album,False,2025-08-17,2025-08-19
Dial Drunk,Noah Kahan,24,24.125,3,13.879332461081024,82.70833333333333,3.563616666666667,21,album,True,2024-06-11,2025-02-11
Dial Drunk (with Post Malone),Noah Kahan & Post Malone,35,32.8,4,13.564226306506306,84.65714285714286,3.563616666666667,1,single,True,2024-07-20,2024-08-25
Did It First (with Central Cee),Ice Spice & Central Cee,17,38.64705882352941,28,6.382996714617947,83.88235294117646,1.9667000000000001,1,single,True,2025-07-18,2025-08-03
Die For You,The Weeknd,35,43.97142857142857,33,4.7433279102193175,91.02857142857142,4.33755,18,album,False,2024-05-18,2024-09-22
Die With A Smile,Lady Gaga & Bruno Mars,103,3.466019417475728,1,3.6348410272991187,96.80582524271844,4.19445,1,single,False,2025-08-17,2025-11-27
Died and Came Back,Lil Uzi Vert,1,14.0,14,0.0,73.0,3.0106,26,album,True,2024-07-02,2024-07-02
Diet Pepsi,Addison Rae,29,38.86206896551724,26,6.127946159842709,87.37931034482759,2.8282833333333333,1,single,False,2025-10-03,2025-11-01
Disco,Surf Curse,6,41.333333333333336,37,5.240865068542279,82.33333333333333,2.546,1,single,False,2025-09-08,2025-09-25
Disease,Lady Gaga,3,28.666666666666668,16,13.576941236277534,75.0,3.8332833333333327,1,single,False,2025-10-27,2025-10-29
Disturbia,Rihanna,1,44.0,44,0.0,79.0,3.9771,15,album,False,2025-11-02,2025-11-02
Do They Know It's Christmas? - 1984 Version,Band Aid,4,41.5,39,3.785938897200183,89.0,3.7088833333333335,2,single,False,2024-12-24,2024-12-27
Do You Hear What I Hear? - Remastered 2006,Bing Crosby,2,48.0,48,0.0,83.0,2.7611,16,compilation,False,2024-12-26,2024-12-27
Doctor (Work It Out) [feat. Miley Cyrus],Pharrell Williams & Miley Cyrus,1,45.0,45,0.0,73.0,3.0370166666666667,1,single,False,2025-03-03,2025-03-03
Don't Understand,Post Malone,1,32.0,32,0.0,48.0,3.0563166666666666,17,album,False,2024-07-29,2024-07-29
Don’t Blame Me,Taylor Swift,6,46.833333333333336,45,2.4832774042918886,91.33333333333333,3.9402166666666667,15,album,False,2024-08-11,2024-10-28
Don’t Smile,Sabrina Carpenter,15,30.8,19,11.626324809303608,78.33333333333333,3.4382500000000005,12,album,False,2025-08-24,2025-09-07
Doomsday (with Juice WRLD & Cordae),Lyrical Lemonade & Juice WRLD & Cordae,7,39.285714285714285,28,6.524678426668135,76.85714285714286,2.5161166666666666,1,single,True,2024-06-25,2024-07-01
Down Bad,Taylor Swift,49,19.79591836734694,2,14.209708523630265,87.0,4.3538,16,album,True,2025-04-21,2025-06-08
Dreams - 2004 Remaster,Fleetwood Mac,12,44.0,38,3.5161962919661303,88.66666666666667,4.296666666666667,58,album,False,2024-10-02,2024-10-28
Drew A Picasso,Drake,7,28.428571428571427,16,8.323804075404123,65.14285714285714,4.379466666666667,23,album,True,2024-10-07,2024-10-13
Drugs You Should Try It,Travis Scott,1,30.0,30,0.0,0.0,3.4747833333333333,12,album,True,2025-08-24,2025-08-24
Dumb & Poetic,Sabrina Carpenter,14,30.285714285714285,16,12.079407597729613,78.14285714285714,2.2246333333333332,12,album,True,2025-08-24,2025-09-06
ETA,NewJeans,3,32.666666666666664,30,4.618802153517007,79.33333333333333,2.522883333333333,6,single,False,2024-07-23,2024-07-25
East Side of Sorrow,Zach Bryan,22,23.636363636363637,3,13.89945341352692,80.68181818181819,3.4886666666666666,16,album,True,2024-08-26,2024-09-16
El Azul,Junior H & Peso Pluma,70,30.84285714285714,21,5.867216001008015,94.92857142857143,3.120416666666667,1,single,False,2024-05-18,2024-07-28
El Dorado,Zach Bryan,8,27.625,15,9.62047667366703,72.125,3.0475833333333333,16,album,False,2024-08-26,2024-09-02
El Gordo Trae El Mando,Chino Pacas,32,43.0625,31,6.405327923412788,91.6875,1.8681166666666666,1,single,True,2024-05-18,2024-06-29
Electric Touch (feat. Fall Out Boy) (Taylor’s Version) (From The Vault),Taylor Swift,7,22.285714285714285,9,11.190982764623277,73.42857142857143,4.4411,22,album,False,2024-07-09,2024-07-15
Ella Baila Sola,Eslabon Armado,170,18.96470588235294,1,15.256347643001167,89.67647058823529,2.7611833333333333,16,album,False,2024-05-18,2025-01-03
Empire Now,Hozier,1,26.0,26,0.0,38.0,2.9699333333333335,4,single,False,2025-03-24,2025-03-24
Enchanted,Taylor Swift,1,35.0,35,0.0,83.0,5.869766666666667,14,album,False,2024-07-08,2024-07-08
Enchanted (Taylor's Version),Taylor Swift,11,21.363636363636363,5,17.001604202384712,81.18181818181819,5.887550000000001,22,album,False,2024-07-09,2024-07-19
End of Beginning,Djo,148,25.39864864864865,3,16.235821596806595,94.73648648648648,2.6540833333333333,13,album,False,2025-02-18,2025-08-08
Endless Fashion (feat. Nicki Minaj),Lil Uzi Vert,7,15.142857142857142,6,7.358183005529092,80.71428571428571,3.6117166666666667,26,album,True,2024-07-02,2024-07-08
Enough (Miami),Cardi B,5,33.0,28,4.898979485566356,69.0,2.64545,1,single,True,2025-03-17,2025-03-23
Enough Is Enough,Post Malone,8,34.75,28,3.8078865529319543,75.5,2.7529166666666667,17,album,True,2024-07-29,2024-08-05
Espresso,Sabrina Carpenter,226,7.946902654867257,1,6.22516856776975,94.23893805309734,2.9243166666666665,1,single,True,2025-04-14,2025-11-27
Evergreen,Richy Mitch & The Coal Miners,55,43.07272727272727,32,5.583887353788396,88.94545454545455,1.45,14,album,False,2025-02-24,2025-09-18
Everybody (feat. Lil Uzi Vert),Nicki Minaj,30,35.3,23,8.554692199061849,83.1,3.014483333333333,22,album,True,2024-12-10,2025-01-13
Everyday Hustle,Future & Metro Boomin,3,38.333333333333336,24,12.423096769056148,50.333333333333336,3.7824333333333335,17,album,True,2025-03-24,2025-03-27
Evil,Eminem,4,29.0,15,9.626352718795768,77.0,3.8393,19,album,True,2025-07-14,2025-07-17
Evil Ways (feat. J. Cole),Drake,4,27.0,5,18.7794213613377,54.25,3.7948666666666666,29,album,True,2024-11-18,2024-11-21
FE!N,Travis Scott,3,2.3333333333333335,2,0.5773502691896258,57.0,3.195,19,album,True,2024-07-29,2024-07-31
FE!N (feat. Playboi Carti),Travis Scott,232,31.57758620689655,2,13.33786775411656,91.85775862068965,3.195,19,album,True,2024-08-01,2025-11-12
FIELD TRIP,¥$ & Kanye West & Ty Dolla $ign,8,23.5,15,9.665845613735584,58.0,2.7871333333333332,16,album,True,2025-08-04,2025-08-11
FINA,Bad Bunny,15,16.933333333333334,2,9.176574731866122,83.6,3.60545,22,album,True,2024-10-14,2024-10-28
FLAMENCO,Beyoncé,2,31.0,27,5.656854249492381,47.0,1.6727333333333334,27,album,False,2025-03-31,2025-04-01
FRIED,¥$ & Kanye West & Ty Dolla $ign,3,45.0,45,0.0,47.333333333333336,2.9873444444444446,16,album,True,2025-08-04,2025-08-06
FTCU,Nicki Minaj,54,18.796296296296298,6,10.427430497417694,87.22222222222223,2.86895,22,album,True,2024-12-10,2025-02-06
FUK SUMN,Kanye West & Ty Dolla $ign,4,15.0,2,23.366642891095843,80.0,3.49295,16,album,True,2025-02-12,2025-02-15
FUK SUMN,¥$ & Kanye West & Ty Dolla $ign,13,32.84615384615385,8,12.205505273210076,72.46153846153847,3.49295,16,album,True,2025-02-16,2025-03-02
Fallin 4 U,Nicki Minaj,1,48.0,48,0.0,69.0,3.8438166666666667,22,album,True,2024-12-10,2024-12-10
Family Matters,Drake,15,18.066666666666666,5,13.019033685156442,85.46666666666667,7.61555,1,single,True,2025-05-06,2025-05-20
Fare Well,Hozier,1,35.0,35,0.0,37.0,3.1409,4,single,False,2025-03-24,2025-03-24
Fast Car,Luke Combs,184,20.820652173913043,3,13.051198366713981,90.23913043478261,4.424883333333334,18,album,False,2024-05-18,2025-07-06
Father Stretch My Hands Pt. 1,Kanye West,39,38.15384615384615,24,9.260949313447021,90.28205128205128,2.2653333333333334,20,album,True,2025-01-03,2025-03-08
Favorite Song,Toosii,2,50.0,50,0.0,86.0,3.4771666666666667,1,single,False,2024-05-19,2024-05-20
Favorite Song (feat. Future) [Toxic Version],Toosii & Future,4,41.5,34,5.972157622389639,56.5,3.4770166666666666,1,single,True,2024-05-21,2024-05-24
Fear Of Heights,Drake,7,11.571428571428571,5,4.859943170351646,68.0,2.5859,23,album,True,2024-10-07,2024-10-13
Fear and Friday's,Zach Bryan,15,23.8,8,12.013088100662783,77.93333333333334,2.8571,16,album,False,2024-08-26,2024-09-09
Fear and Friday's (Poem),Zach Bryan,6,31.0,9,13.870832707519762,70.83333333333333,1.787766666666667,16,album,False,2024-08-26,2024-08-31
Feather,Sabrina Carpenter,121,34.6198347107438,19,8.026265422917337,90.55371900826447,3.0925333333333334,17,album,True,2024-12-29,2025-07-05
Feel It - From The Original Series “Invincible”,d4vd,4,36.5,32,6.60807586719967,84.5,2.6329,1,single,False,2025-04-17,2025-04-20
Feliz Navidad,José Feliciano,34,20.38235294117647,8,9.085501957022064,84.82352941176471,3.0344333333333333,15,album,False,2024-11-24,2024-12-27
Femininomenon,Chappell Roan,12,43.166666666666664,41,2.5166114784235845,84.41666666666667,3.6618333333333335,14,album,True,2025-08-04,2025-08-16
Fever,J. Cole,1,19.0,19,0.0,69.0,2.3773333333333335,12,album,True,2025-04-07,2025-04-07
Finer Things (Feat. Hank Williams Jr.),Post Malone,5,25.6,14,8.502940667792526,65.2,3.092216666666667,18,album,False,2025-08-17,2025-08-21
Fire Alarm,Lil Uzi Vert,1,28.0,28,0.0,70.0,3.086116666666667,26,album,True,2024-07-02,2024-07-02
Firework,Katy Perry,3,20.0,18,3.4641016151377544,73.66666666666667,3.798216666666667,12,album,False,2024-07-05,2025-07-06
First Person Shooter (feat. J. Cole),Drake,138,27.079710144927535,1,14.148359681150163,89.33333333333333,4.124066666666667,23,album,True,2024-10-07,2025-03-09
Five Nights at Freddy's,The Living Tombstone,1,43.0,43,0.0,71.0,2.76385,2,single,False,2024-11-01,2024-11-01
Flooded The Face,Lil Uzi Vert,27,27.40740740740741,2,14.468159362117742,86.66666666666667,3.2121166666666663,26,album,True,2024-07-02,2024-07-28
Florida!!! (feat. Florence + The Machine),Taylor Swift,28,20.357142857142858,8,9.851543536568778,84.17857142857143,3.59105,16,album,True,2025-04-21,2025-05-18
Flowers,Miley Cyrus,76,29.157894736842106,14,9.758487084350657,91.13157894736842,3.3433333333333333,13,album,False,2024-05-18,2025-02-12
Foolish One (Taylor’s Version) (From The Vault),Taylor Swift,7,19.0,13,8.34665601703261,72.85714285714286,5.196083333333333,22,album,False,2024-07-09,2024-07-15
Forever,Noah Kahan,7,19.857142857142858,3,10.399175791516226,79.42857142857143,4.47255,30,album,False,2025-02-11,2025-02-17
Fortnight (feat. Post Malone),Taylor Swift,103,18.95145631067961,1,13.098704202322276,92.30097087378641,3.8160833333333333,16,album,False,2025-04-21,2025-08-23
Fortunate Son,Creedence Clearwater Revival,4,37.25,30,8.845903006477068,86.5,2.346216666666667,13,album,False,2024-07-05,2025-07-08
Fresh Out The Slammer,Taylor Swift,18,26.5,14,11.84830591017874,80.83333333333333,3.51315,16,album,False,2025-04-21,2025-05-08
Fried (She a Vibe),Future & Metro Boomin,4,36.5,21,11.0,58.0,3.502883333333333,17,album,True,2025-03-24,2025-03-28
From The Start,Laufey,24,44.833333333333336,30,5.961227380670692,82.125,2.826216666666667,1,single,False,2024-07-20,2024-09-14
Fuel,Eminem,8,24.125,16,11.10260587172476,79.125,3.560766666666667,19,album,True,2025-07-14,2025-07-21
GIRLS,The Kid LAROI,2,38.5,36,3.5355339059327378,78.0,2.54965,2,single,True,2025-07-04,2025-07-05
GOD'S COUNTRY,Travis Scott,8,20.875,11,5.514591035218685,75.375,2.133183333333333,19,album,True,2024-07-29,2024-08-05
GOOD (DON'T DIE),Kanye West & Ty Dolla $ign,3,36.333333333333336,29,7.023769168568491,78.66666666666667,3.324,16,album,True,2025-02-13,2025-02-15
GRACIAS POR NADA,Bad Bunny,3,24.0,12,20.784609690826528,53.333333333333336,2.9575,22,album,True,2024-10-14,2024-10-16
GTA,Future & Metro Boomin,1,28.0,28,0.0,0.0,3.883766666666667,17,album,True,2025-03-24,2025-03-24
Gata Only,FloyyMenor & Cris Mj,113,31.02654867256637,13,8.941736185870116,96.22123893805309,3.7,1,single,True,2025-04-04,2025-07-30
Gata Only (Mashup),Dj Agus Lima,2,26.0,26,0.0,24.0,3.59,9,album,False,2025-05-09,2025-05-10
Gently (feat. Bad Bunny),Drake,15,23.133333333333333,8,13.87632447560884,77.33333333333333,2.2282333333333333,23,album,True,2024-10-07,2024-10-21
Get It Sexyy,Sexyy Red,56,36.42857142857143,26,7.1219434090757785,79.41071428571429,2.47585,1,single,True,2025-03-29,2025-06-03
Ghostbusters,Ray Parker Jr.,5,26.6,1,19.007893097342482,72.6,3.98555,14,compilation,False,2024-11-01,2025-11-03
Ghostbusters,Various Artists,1,13.0,13,0.0,78.0,4.08755,14,compilation,False,2024-11-01,2024-11-01
Goes Without Saying (Feat. Brad Paisley),Post Malone,5,39.2,24,11.009087155618307,63.8,3.539216666666667,18,album,False,2025-08-17,2025-08-21
Good Graces,Sabrina Carpenter,67,24.19402985074627,6,12.30574983366688,87.29850746268657,3.08775,12,album,True,2025-08-24,2025-10-29
"Good Luck, Babe!",Chappell Roan,232,9.974137931034482,1,8.571533685975364,92.625,3.6403833333333333,1,single,False,2025-04-07,2025-11-27
Gucci Grocery Bag,Young Thug,1,36.0,36,0.0,69.0,2.9188833333333335,15,album,True,2024-06-25,2024-06-25
Guess featuring Billie Eilish,Charli xcx & Billie Eilish,66,25.454545454545453,4,9.916857160615752,90.81818181818181,2.3888333333333334,1,single,False,2025-08-04,2025-10-09
Guess featuring billie eilish,Charli xcx,11,39.09090909090909,21,9.202766382502007,71.18181818181819,2.3888333333333334,34,album,False,2025-10-13,2025-10-28
Guess featuring billie eilish,Charli xcx & Billie Eilish,3,41.0,40,1.0,90.0,2.3888333333333334,1,single,False,2025-10-10,2025-10-12
Guilty Conscience 2,Eminem,1,21.0,21,0.0,71.0,5.425516666666667,19,album,True,2025-07-14,2025-07-14
Guilty as Sin?,Taylor Swift,39,24.564102564102566,10,12.516925113820617,82.87179487179488,4.239416666666667,16,album,False,2025-04-21,2025-06-02
Guy For That (Feat. Luke Combs),Post Malone,11,22.90909090909091,7,14.679608615045195,70.18181818181819,2.7335166666666666,18,album,False,2025-08-17,2025-08-27
Guy For That (Feat. Luke Combs),Post Malone & Luke Combs,20,23.05,9,9.190813491284597,80.5,2.7335166666666666,1,single,False,2025-07-27,2025-08-16
H.Y.B. (feat. Bas & Central Cee),J. Cole,4,32.0,13,15.769168230019828,74.5,3.9097666666666666,12,album,True,2025-04-07,2025-04-10
HARLEY QUINN,Fuerza Regida,58,33.05172413793103,18,9.74305405087925,93.13793103448276,2.3887833333333335,30,album,True,2024-11-04,2025-01-30
HIBIKI,Bad Bunny,7,20.857142857142858,5,13.458932243787292,73.71428571428571,3.4666666666666663,22,album,True,2024-10-14,2024-10-20
HISS,Megan Thee Stallion,17,11.352941176470589,1,13.29445926161811,84.41176470588235,3.213633333333333,1,single,True,2025-01-28,2025-02-13
HOODRAT,Kanye West & Ty Dolla $ign,3,27.0,18,8.54400374531753,80.0,3.716366666666667,16,album,True,2025-02-13,2025-02-15
HOT TO GO!,Chappell Roan,172,16.686046511627907,7,9.959874618045184,88.80813953488372,3.080683333333333,14,album,False,2025-06-05,2025-11-27
HUMBLE.,Kendrick Lamar,2,36.5,31,7.7781745930520225,86.0,2.95,14,album,True,2025-05-09,2025-05-10
HVN ON EARTH (with Kodak Black),Lil Tecca,1,41.0,41,0.0,31.0,3.1478333333333333,16,album,True,2024-09-24,2024-09-24
HYAENA,Travis Scott,9,12.444444444444445,2,7.316268022549322,78.77777777777777,3.701416666666667,19,album,True,2024-07-29,2024-08-06
Habits,Eminem,6,20.0,5,11.64474130240771,79.66666666666667,4.973066666666667,19,album,True,2025-07-14,2025-07-19
Happy Holiday / The Holiday Season,Andy Williams,4,42.25,38,5.678908345800273,72.0,2.6166666666666667,12,album,False,2024-12-24,2024-12-27
Happy Xmas (War Is Over) - Remastered 2010,John Lennon,6,38.333333333333336,32,7.3393914370788735,92.0,3.5722166666666673,119,compilation,False,2024-12-22,2024-12-27
Haunted (Taylor's Version),Taylor Swift,5,23.8,14,10.2810505299799,67.6,4.090216666666667,22,album,False,2024-07-09,2024-07-13
Have The Heart (Feat. Dolly Parton),Post Malone,3,29.0,21,6.928203230275509,59.0,3.05555,18,album,False,2025-08-17,2025-08-19
Have Yourself A Merry Little Christmas - Remastered 1999,Frank Sinatra,3,43.333333333333336,42,2.3094010767585034,84.0,3.4433333333333334,15,album,False,2024-12-25,2024-12-27
Head Honcho,Eminem,1,29.0,29,0.0,69.0,3.9139333333333335,19,album,True,2025-07-14,2025-07-14
Heading South,Zach Bryan,213,40.6150234741784,27,6.027621924172675,84.82159624413146,2.8615333333333335,1,single,True,2024-08-26,2025-11-14
Heartless,Kanye West,56,43.32142857142857,34,3.847583151004811,90.25,3.5166666666666666,12,album,False,2024-12-28,2025-03-09
Heather,Conan Gray,2,45.0,42,4.242640687119285,88.5,3.300666666666667,12,album,False,2024-12-04,2024-12-05
Heavy Is the Crown,Linkin Park,2,44.5,44,0.7071067811865476,80.5,2.783533333333333,2,single,False,2025-09-27,2025-09-29
Hellcat Kenny (feat. Lil Uzi Vert),Young Thug,1,31.0,31,0.0,69.0,2.5744333333333334,15,album,True,2024-06-25,2024-06-25
Here Comes Santa Claus (Right Down Santa Claus Lane),Elvis Presley,3,49.333333333333336,49,0.5773502691896263,85.0,1.9304333333333332,12,album,False,2024-12-25,2024-12-27
Here Comes Santa Claus (Right Down Santa Claus Lane) - 1947 Version,Gene Autry,4,36.25,35,2.4999999999999996,86.0,2.5044333333333335,18,album,False,2024-12-24,2024-12-27
Hey Daddy (Daddy's Home),USHER,1,40.0,40,0.0,85.0,3.7348833333333333,22,album,False,2025-02-14,2025-02-14
Hey Driver (feat. The War and Treaty),Zach Bryan,55,22.472727272727273,3,14.594334955543976,84.56363636363636,3.7911,16,album,False,2024-08-26,2024-12-29
Hey Jane,"Tyler, The Creator",10,24.1,6,12.60026454748735,81.4,4.012366666666667,14,album,True,2025-10-30,2025-11-08
Hide My Gun (Feat. HARDY),Post Malone,3,38.333333333333336,35,2.886751345948128,55.666666666666664,3.67465,18,album,True,2025-08-17,2025-08-19
High Road,Zach Bryan,7,34.857142857142854,10,12.266873704256946,69.85714285714286,3.33155,2,single,True,2025-11-10,2025-11-16
High Road (feat. Jessie Murph),Koe Wetzel,3,47.666666666666664,46,2.0816659994661326,60.0,2.9902166666666665,13,album,True,2025-07-23,2025-07-26
High Road (feat. Jessie Murph),Koe Wetzel & Jessie Murph,26,31.807692307692307,17,8.537068493431361,75.46153846153847,2.9902166666666665,1,single,True,2025-06-10,2025-07-05
Hits Different,Taylor Swift,12,21.25,2,13.605647223253893,83.75,3.907766666666667,23,album,True,2024-05-28,2024-06-09
Holly Jolly Christmas,Michael Bublé,34,23.91176470588235,15,7.959624047231254,80.11764705882354,1.9964333333333333,16,album,False,2024-11-24,2024-12-27
Holy Roller (feat. Sierra Ferrell),Zach Bryan,8,23.25,13,8.79529094783924,72.625,3.600433333333333,16,album,True,2024-08-26,2024-09-02
Home,Good Neighbours,53,40.075471698113205,27,5.840340666446192,84.56603773584905,2.62475,1,single,False,2025-02-02,2025-04-13
Houdini,Dua Lipa,13,29.923076923076923,8,15.315904252668956,85.6923076923077,3.0986166666666666,1,single,False,2024-11-11,2024-11-23
Houdini,Eminem,62,18.241935483870968,4,10.884920361420104,85.95161290322581,3.78614811827957,1,single,True,2025-06-02,2025-08-03
How Did It End?,Taylor Swift,10,35.3,28,7.972870666621067,84.1,3.9784333333333337,31,album,False,2025-04-21,2025-05-01
How Do You Like Me Now?!,Toby Keith,1,19.0,19,0.0,72.0,3.4844333333333335,12,album,False,2025-02-08,2025-02-08
How You Get The Girl (Taylor's Version),Taylor Swift,6,33.333333333333336,16,13.779211394948067,68.83333333333333,4.12555,21,album,False,2024-10-29,2024-11-03
Huntin’ Wabbitz,J. Cole,4,27.0,9,14.30617582258329,73.75,2.7004333333333332,12,album,True,2025-04-07,2025-04-10
I Ain't Worried,OneRepublic,3,45.666666666666664,43,2.309401076758502,95.0,2.47475,1,single,False,2024-07-05,2024-07-07
I Can Do It With a Broken Heart,Taylor Swift,96,22.28125,3,13.13308648133849,87.51041666666667,3.6334,16,album,True,2025-04-21,2025-08-23
I Can Fix Him (No Really I Can),Taylor Swift,15,28.466666666666665,16,12.07042824821216,79.8,2.60495,16,album,False,2025-04-21,2025-05-05
I Can See You (Taylor’s Version) (From The Vault),Taylor Swift,36,25.916666666666668,1,17.96723207874347,89.30555555555556,4.5531,22,album,False,2024-07-09,2024-08-22
I Gotta,Lil Uzi Vert,3,16.333333333333332,9,8.082903768654761,76.33333333333333,2.8837500000000005,26,album,True,2024-07-02,2024-07-04
I Had Some Help (Feat. Morgan Wallen),Post Malone,103,13.16504854368932,1,7.636467060381197,83.42718446601941,2.9700833333333336,18,album,True,2025-08-17,2025-11-27
I Had Some Help (Feat. Morgan Wallen),Post Malone & Morgan Wallen,95,3.905263157894737,1,1.1856740986919934,93.91578947368421,2.970083333333333,1,single,True,2025-05-12,2025-08-16
I Hate It Here,Taylor Swift,9,35.333333333333336,29,7.729812416870153,83.44444444444444,4.064583333333333,31,album,False,2025-04-21,2025-05-01
I Hope You Find Your Way Home,"Tyler, The Creator",4,24.25,14,12.553220038433698,76.0,4.495066666666666,14,album,True,2025-10-30,2025-11-02
I KNOW ?,Travis Scott,221,22.981900452488688,3,11.11099529168577,91.35746606334841,3.5263666666666666,19,album,True,2024-07-29,2025-03-20
I Killed You,"Tyler, The Creator",10,27.9,7,13.453211099543815,80.7,2.807,14,album,True,2025-10-30,2025-11-08
I Know Places (Taylor's Version),Taylor Swift,6,30.833333333333332,18,11.391517311871437,68.33333333333333,3.2616666666666667,21,album,False,2024-10-29,2024-11-03
I LUV IT (feat. Playboi Carti),Camila Cabello & Playboi Carti,5,41.2,31,6.942621983083914,80.8,2.9146666666666667,1,single,True,2025-03-30,2025-04-06
I Look in People's Windows,Taylor Swift,8,37.25,31,6.4309519401985,82.5,2.19845,31,album,False,2025-04-21,2025-04-28
I Love This Bar,Toby Keith,1,44.0,44,0.0,70.0,5.588883333333333,12,album,False,2025-02-08,2025-02-08
"I Love You, I'm Sorry",Gracie Abrams,104,25.423076923076923,9,11.036296962061233,88.8173076923077,2.6191,13,album,True,2025-08-08,2025-11-27
I Remember Everything (feat. Kacey Musgraves),Zach Bryan,446,13.90134529147982,1,9.89082643788304,90.08520179372198,3.786583333333333,16,album,False,2024-08-26,2025-11-23
I Saw Mommy Kissing Santa Claus,The Jackson 5,3,43.666666666666664,41,4.618802153517006,83.0,3.0211,11,album,False,2024-12-25,2024-12-27
I Want a Hippopotamus for Christmas (Hippo the Hero),Gayla Peevey,3,44.333333333333336,44,0.5773502691896263,83.0,2.5911,1,single,False,2024-12-25,2024-12-27
I Wish You Would (Taylor's Version),Taylor Swift,8,31.625,13,13.814459298658262,73.0,3.4608333333333334,21,album,False,2024-10-29,2024-11-05
I might say something stupid featuring the 1975 & jon hopkins,Charli xcx,1,47.0,47,0.0,65.0,4.176716666666667,34,album,False,2025-10-13,2025-10-13
"I swear, I Really Wanted To Make A ""Rap"" Album But This Is Literally The Way The Wind Blew Me This Time",André 3000,1,31.0,31,0.0,37.0,12.3335,8,album,False,2024-11-18,2024-11-18
I'm Shipping Up To Boston,Dropkick Murphys,1,48.0,48,0.0,74.0,2.56,14,album,False,2025-03-19,2025-03-19
IDGAF (feat. Yeat),Drake,150,20.126666666666665,1,13.474458396639692,91.20666666666666,4.335183333333333,23,album,True,2024-10-07,2025-03-09
II HANDS II HEAVEN,Beyoncé,2,39.0,36,4.242640687119285,45.5,5.688533333333333,27,album,False,2025-03-31,2025-04-01
II MOST WANTED,Beyoncé,14,20.642857142857142,4,13.95380920067317,67.28571428571429,3.47535,27,album,False,2025-03-31,2025-04-13
Ice Attack,Future & Metro Boomin,6,21.833333333333332,8,9.17423929634859,67.33333333333333,3.320883333333333,17,album,True,2025-03-24,2025-03-30
Igual Que Un Ángel (with Peso Pluma),Kali Uchis,35,18.02857142857143,6,12.989782668755957,91.77142857142857,4.3395,14,album,False,2025-01-14,2025-02-18
In Your Love,Tyler Childers,7,43.142857142857146,37,4.017817460121495,72.42857142857143,3.7637666666666667,1,single,False,2024-07-29,2024-08-06
Innocent (Taylor's Version),Taylor Swift,4,32.0,21,10.984838035522722,62.0,5.02035,22,album,False,2024-07-09,2024-07-12
Is It Over Now? (Taylor's Version) (From The Vault),Taylor Swift,89,24.39325842696629,1,17.8749558025697,91.75280898876404,3.8246166666666666,21,album,False,2024-10-29,2025-02-07
It's Beginning to Look a Lot Like Christmas (with Mitchell Ayres & His Orchestra),Perry Como,34,26.88235294117647,15,9.101330924591766,86.97058823529412,2.598883333333333,21,album,False,2024-11-24,2024-12-27
It's Beginning to Look a Lot like Christmas,Michael Bublé,37,15.378378378378379,9,8.3810346462559,83.24324324324324,3.453316666666667,21,album,False,2024-11-20,2024-12-27
It's Five O'Clock Somewhere,Alan Jackson,2,24.0,12,16.97056274847714,66.0,3.8338833333333335,14,compilation,False,2024-09-03,2024-09-04
It's Getting Hot,NLE Choppa,2,48.0,48,0.0,79.5,2.2404,1,single,True,2024-08-14,2024-08-15
It's Up (feat. Young Thug & 21 Savage),Drake,5,34.0,20,13.2664991614216,59.8,4.633333333333334,3,single,True,2025-08-11,2025-08-16
It's ok I'm ok,Tate McRae,26,33.11538461538461,9,12.277872529316872,84.11538461538461,2.6086833333333335,1,single,True,2025-09-15,2025-11-17
It's the Most Wonderful Time of the Year,Andy Williams,42,12.476190476190476,4,12.863709769580648,76.64285714285714,2.517777380952381,12,album,False,2024-11-19,2025-11-26
I’m Just Ken (From Barbie The Album),Ryan Gosling,8,43.125,29,9.203066259211033,74.5,3.71055,1,single,False,2024-07-26,2024-08-08
JOLENE,Beyoncé,9,21.444444444444443,3,16.241236953439778,62.22222222222222,3.160633333333333,27,album,False,2025-03-31,2025-04-08
JUST FOR FUN,Beyoncé,3,32.666666666666664,24,10.26320287889377,48.666666666666664,3.4081166666666665,27,album,False,2025-03-31,2025-04-02
Jake's Piano - Long Island,Zach Bryan,8,30.5,17,9.227288721117223,71.875,5.319916666666667,16,album,False,2024-08-26,2024-09-02
Jennifer’s Body,Ken Carson,2,47.0,47,0.0,0.0,2.6419166666666665,18,album,True,2024-10-14,2024-10-15
Jimmy Cooks (feat. 21 Savage),Drake,86,44.24418604651163,34,3.9285861743998143,89.3953488372093,3.6394,14,album,True,2024-05-18,2024-11-17
Jingle Bell Rock,Bobby Helms,54,13.74074074074074,2,14.758668939810006,87.18518518518519,2.1828833333333333,2,single,False,2024-11-12,2025-11-27
Jingle Bells - Remastered 1999,Frank Sinatra,34,29.764705882352942,17,9.403606089507953,84.79411764705883,2.01155,15,album,False,2024-11-24,2024-12-27
Joy To The World,Nat King Cole,4,39.25,36,4.716990566028303,86.0,1.4164333333333334,19,album,False,2024-12-24,2024-12-27
Judge Judy,"Tyler, The Creator",12,25.166666666666668,8,12.705284035559472,81.25,4.4937,14,album,True,2025-10-30,2025-11-10
Juno,Sabrina Carpenter,87,32.11494252873563,11,10.618572241603244,86.42528735632185,3.719866666666667,12,album,True,2025-08-24,2025-11-24
Just Wanna Rock,Lil Uzi Vert,32,40.0625,16,8.41633396553124,86.34375,2.0648333333333335,1,single,True,2024-05-18,2024-07-08
K-POP,Travis Scott & Bad Bunny & The Weeknd,33,18.90909090909091,2,13.172802559543936,87.18181818181819,3.087,1,single,True,2024-07-23,2024-08-24
KEHLANI,Jordan Adetunji,7,44.857142857142854,43,1.8644544714716094,87.71428571428571,2.0393333333333334,3,single,False,2025-08-09,2025-08-16
KEYS TO MY LIFE,Kanye West & Ty Dolla $ign,4,23.0,10,9.83192080250175,79.0,2.9013833333333334,16,album,True,2025-02-12,2025-02-15
KEYS TO MY LIFE,¥$ & Kanye West & Ty Dolla $ign,1,47.0,47,0.0,0.0,2.9013833333333334,16,album,True,2025-02-16,2025-02-16
KING,Kanye West & Ty Dolla $ign,2,41.5,36,7.7781745930520225,76.5,2.6143666666666667,16,album,True,2025-02-13,2025-02-14
Karma,Taylor Swift,95,37.136842105263156,24,5.758639256962126,89.86315789473684,3.4141999999999997,13,album,True,2024-05-18,2024-11-16
Karma (feat. Ice Spice),Taylor Swift,6,22.833333333333332,1,15.561705133649934,80.83333333333333,3.358216666666667,23,album,True,2024-05-28,2024-06-03
Kill Bill,SZA,247,22.91497975708502,4,12.162386134444523,92.25910931174089,2.5657666666666668,23,album,False,2024-05-18,2025-11-04
Knee Deep (feat. Jimmy Buffett),Zac Brown Band,2,46.0,45,1.4142135623730951,77.5,3.386216666666667,14,album,False,2024-09-03,2024-09-04
LA DURANGO,Peso Pluma & Junior H & Eslabon Armado,1,42.0,42,0.0,70.0,4.381383333333333,1,single,True,2025-05-12,2025-05-12
LA PATRULLA,Peso Pluma,44,41.13636363636363,33,3.7141521245404467,86.79545454545455,2.1769,24,album,True,2025-09-16,2025-10-29
LA PEOPLE II,Peso Pluma & Tito Double P & Joel De La P,4,45.25,42,3.304037933599835,60.5,2.3510666666666666,1,single,True,2025-03-24,2025-03-30
LADY GAGA,Peso Pluma,150,29.066666666666666,7,10.963433221803681,92.17333333333333,3.547966666666666,14,album,True,2024-06-25,2024-11-24
LALA,Myke Towers,49,38.02040816326531,29,5.5508625302678825,98.6938775510204,3.2986666666666666,23,album,True,2024-07-16,2024-09-11
LEVII'S JEANS,Beyoncé,9,24.22222222222222,10,11.766241729815194,80.0,4.294983333333334,27,album,True,2025-03-31,2025-04-08
LIL DEMON,Future,3,34.0,13,19.0,73.0,2.319933333333333,17,album,True,2025-09-22,2025-09-26
LOOOVE,Travis Scott,3,23.666666666666668,19,4.509249752822893,53.666666666666664,3.778583333333333,19,album,True,2024-07-29,2024-07-31
LOOOVE (feat. Kid Cudi),Travis Scott,5,35.8,28,7.918333157931662,84.6,3.7785833333333327,19,album,True,2024-08-01,2024-08-05
LOS PITS,Bad Bunny,2,19.0,19,0.0,39.5,4.18085,22,album,True,2024-10-14,2024-10-15
LOST FOREVER,Travis Scott,3,22.0,16,5.5677643628300215,53.666666666666664,2.71785,19,album,True,2024-07-29,2024-07-31
LOST FOREVER (feat. Westside Gunn),Travis Scott,4,34.25,27,7.182153808805082,84.25,2.71785,19,album,True,2024-08-01,2024-08-04
LUNA,Peso Pluma,14,25.285714285714285,8,15.622609707277913,73.57142857142857,2.72585,14,album,True,2024-06-25,2024-07-08
LUNCH,Billie Eilish,89,19.04494382022472,4,11.155828187706465,93.23595505617978,2.9931,10,album,False,2025-05-19,2025-08-23
La Bebe - Remix,Yng Lvcas & Peso Pluma,113,23.831858407079647,6,13.638117967449103,98.00884955752213,3.905866666666667,2,single,True,2024-05-18,2024-09-18
La Diabla,Xavi,104,18.317307692307693,5,13.094328738361877,96.67307692307692,2.8710666666666667,1,single,False,2024-12-28,2025-04-18
La Víctima,Xavi,74,24.864864864864863,14,7.375123540779656,94.93243243243244,2.60575,1,single,True,2024-12-28,2025-03-23
Lace It (with Eminem & benny blanco),Juice WRLD & Eminem & benny blanco,5,38.4,32,4.669047011971501,78.8,3.6254333333333335,1,single,True,2024-12-20,2024-12-31
Last Christmas - Single Version,Wham!,63,19.666666666666668,4,16.65203658957802,79.76190476190476,4.432666666666667,16,album,False,2024-11-12,2025-11-27
Last Kiss (Taylor's Version),Taylor Swift,5,28.4,18,11.991663771137015,67.2,6.152,22,album,False,2024-07-09,2024-07-13
Last Night,Morgan Wallen,492,22.61178861788618,1,14.554543220677138,85.67682926829268,2.7309,36,album,True,2024-05-18,2025-10-22
Last Time I Saw You,Nicki Minaj,3,42.666666666666664,34,7.76745346515403,76.0,3.605783333333333,1,single,False,2024-09-03,2024-09-06
Lavender Haze,Taylor Swift,6,41.0,23,10.119288512538814,88.16666666666667,3.37325,13,album,True,2024-05-18,2024-06-01
Let It Snow! Let It Snow! Let It Snow!,Dean Martin,42,15.523809523809524,6,13.268775184230954,90.4047619047619,1.9524333333333335,12,album,False,2024-11-20,2025-11-26
Let It Snow! Let It Snow! Let It Snow! (with The B. Swanson Quartet),Frank Sinatra,23,35.391304347826086,23,7.83778221434646,88.34782608695652,2.590883333333333,14,album,False,2024-11-25,2024-12-27
Let Me Calm Down (feat. J. Cole),Nicki Minaj,1,42.0,42,0.0,70.0,4.0741,22,album,True,2024-12-10,2024-12-10
Lie To Girls,Sabrina Carpenter,9,27.77777777777778,19,6.437735971942655,74.66666666666667,3.3666833333333335,12,album,True,2025-08-24,2025-09-01
Lies Lies Lies,Morgan Wallen,106,27.88679245283019,8,12.868803736698174,85.26415094339623,3.3011333333333335,1,single,False,2025-07-07,2025-10-23
Light Year (Practice),Lil Uzi Vert,2,29.0,8,29.698484809834994,69.0,2.7394333333333334,16,album,True,2025-11-03,2025-11-04
Like Crazy,Jimin,2,48.0,48,0.0,84.0,3.53735,6,single,False,2025-06-10,2025-06-11
Like Him (feat. Lola Young),"Tyler, The Creator",29,13.758620689655173,5,5.200653615609931,84.17241379310344,4.633566666666667,14,album,True,2025-10-30,2025-11-27
Like That,Future & Metro Boomin,169,19.37869822485207,1,14.701749837869453,90.9585798816568,4.461766666666667,17,album,True,2025-03-24,2025-09-20
Lil Boo Thang,Paul Russell,1,36.0,36,0.0,87.0,1.9038833333333334,1,single,False,2025-01-03,2025-01-03
Lithonia,Childish Gambino,7,42.0,28,7.302967433402214,69.28571428571429,2.9843809523809526,1,single,True,2025-07-04,2025-07-28
Little Saint Nick - 1991 Remix,The Beach Boys,22,31.5,18,10.675963210698622,82.5909090909091,1.9806666666666666,12,album,False,2024-11-25,2024-12-27
Lonely Road (with Jelly Roll),mgk & Jelly Roll,2,49.0,49,0.0,52.5,3.1559333333333335,1,single,False,2025-07-27,2025-07-28
Long Live (Taylor's Version),Taylor Swift,5,25.0,20,6.819090848492928,67.2,5.299333333333333,22,album,False,2024-07-09,2024-07-13
Lose Control,Teddy Swims,329,23.49544072948328,5,8.652900817894057,90.91793313069908,3.5114666666666667,10,album,False,2024-12-28,2025-11-27
Losers (Feat. Jelly Roll),Post Malone,6,32.0,20,10.039920318408907,65.83333333333333,3.483966666666667,18,album,False,2025-08-17,2025-08-22
Love Somebody,Morgan Wallen,39,21.05128205128205,1,12.571791142220617,83.53846153846153,3.4138,1,single,False,2025-10-20,2025-11-27
Love in This Club (feat. Young Jeezy),USHER,1,42.0,42,0.0,78.0,4.328666666666667,18,album,False,2025-02-14,2025-02-14
Lover,Taylor Swift,2,40.0,30,14.142135623730951,92.5,3.6884333333333332,18,album,False,2024-10-22,2025-02-16
Lovers Rock,TV Girl,67,43.08955223880597,35,4.444033600790732,90.01492537313433,3.5653333333333332,12,album,False,2024-10-04,2025-09-25
Lovin On Me,Jack Harlow,157,10.751592356687897,1,12.482118518286734,94.96815286624204,2.30685,1,single,True,2024-11-11,2025-04-20
Lucifer,Eminem,4,34.5,17,11.676186592091328,76.5,4.362633333333333,19,album,True,2025-07-14,2025-07-17
Lucky Enough (Poem),Zach Bryan,1,31.0,31,0.0,64.0,2.7,19,album,True,2025-07-06,2025-07-06
Lyft Em Up,Lil Uzi Vert,1,49.0,49,0.0,63.0,2.7432333333333334,16,album,True,2025-11-03,2025-11-03
L’AMOUR DE MA VIE,Billie Eilish,26,30.26923076923077,12,12.27210721044334,86.3076923076923,5.566433333333334,10,album,False,2025-05-19,2025-06-13
M-E-X-I-C-O (Feat. Billy Strings),Post Malone,1,49.0,49,0.0,34.0,2.5988,18,album,False,2025-08-17,2025-08-17
MATHEMATICAL DISRESPECT,Lil Mabu,14,27.928571428571427,10,15.112217602956916,86.5,1.4717333333333333,1,single,True,2024-05-18,2024-06-03
MELTDOWN,Travis Scott,3,1.0,1,0.0,57.0,4.102216666666667,19,album,True,2024-07-29,2024-07-31
MELTDOWN (feat. Drake),Travis Scott,86,22.0,1,14.110488381092312,92.5813953488372,4.102216666666667,19,album,True,2024-08-01,2024-10-28
MERCEDES CAROTA,Bad Bunny,2,17.0,17,0.0,39.5,3.37725,22,album,True,2024-10-14,2024-10-15
MI EX TENÍA RAZÓN,KAROL G,15,33.13333333333333,13,10.070229580775395,76.46666666666667,2.5729,9,album,False,2024-08-13,2024-08-27
MILLION DOLLAR BABY,Tommy Richman,206,14.946601941747574,1,12.322577458719524,90.0873786407767,2.58585,2,single,False,2025-04-28,2025-11-23
MILLION DOLLAR BABY (VHS),Tommy Richman,14,39.857142857142854,30,5.627639795716288,78.42857142857143,2.58585,2,single,False,2025-04-29,2025-05-12
MODERN JAM,Travis Scott,3,9.666666666666666,5,5.033222956847167,56.0,4.256866666666666,19,album,True,2024-07-29,2024-07-31
MODERN JAM (feat. Teezo Touchdown),Travis Scott,6,20.666666666666668,15,7.633260552782582,88.16666666666667,4.256866666666666,19,album,True,2024-08-01,2024-08-06
MOJABI GHOST,Tainy,8,29.75,23,8.924284685220275,85.75,3.86885,19,album,True,2024-07-02,2024-07-15
MONACO,Bad Bunny,66,22.333333333333332,1,15.9675953907939,94.13636363636364,4.453233333333333,22,album,True,2024-10-14,2025-01-07
MR. OCTOBER,Bad Bunny,7,25.428571428571427,6,16.102351203650798,72.42857142857143,3.1543,22,album,True,2024-10-14,2024-10-20
MY EYES,Travis Scott,27,26.14814814814815,6,12.58418942013443,86.51851851851852,4.187483333333334,19,album,True,2024-07-29,2025-03-09
MY HOUSE,Beyoncé,2,43.5,40,4.949747468305833,41.0,4.38235,1,single,True,2024-12-02,2024-12-09
MY ROSE,Beyoncé,3,30.0,20,11.135528725660043,50.666666666666664,0.8907000000000002,27,album,False,2025-03-31,2025-04-02
Ma Meilleure Ennemie (from the series Arcane League of Legends),Stromae & Pomme & Arcane,1,36.0,36,0.0,77.0,2.4662166666666665,1,single,False,2025-11-27,2025-11-27
Magic Don Juan (Princess Diana),Future & Metro Boomin,4,30.25,15,11.206396982676159,58.25,3.6788833333333333,17,album,True,2025-03-24,2025-03-28
Magnetic,ILLIT,12,43.666666666666664,35,4.7161874689651855,90.33333333333333,2.6781333333333333,4,single,False,2025-04-04,2025-04-20
"Mama, I’m Sorry",Lil Uzi Vert,2,29.5,18,16.263455967290593,73.5,3.516016666666667,26,album,True,2024-07-02,2024-07-03
Mamaw's House,Thomas Rhett,2,13.0,13,0.0,12.5,3.12115,22,album,False,2024-09-30,2024-10-01
Mamushi (feat. Yuki Chiba),Megan Thee Stallion,36,38.72222222222222,25,7.595529177882439,84.47222222222223,2.6164666666666667,18,album,True,2025-07-05,2025-08-12
Margaritaville,Jimmy Buffett,3,13.666666666666666,6,12.423096769056148,72.66666666666667,4.182216666666666,10,album,False,2024-09-03,2024-09-05
Mean (Taylor's Version),Taylor Swift,6,23.666666666666668,10,13.246383154154445,71.5,3.9782166666666665,22,album,False,2024-07-09,2024-07-14
Mechanical Bull,Zach Bryan,2,29.0,15,19.79898987322333,67.5,3.4824333333333333,19,album,False,2025-07-06,2025-07-07
Mele Kalikimaka (Merry Christmas),Bing Crosby,18,37.55555555555556,23,8.603844709828838,83.66666666666667,2.9222166666666665,12,compilation,False,2024-11-25,2024-12-27
Members Only (feat. PARTYNEXTDOOR),Drake,7,27.714285714285715,18,8.42049653552342,65.57142857142857,4.628666666666667,23,album,True,2024-10-07,2024-10-13
Memphis; The Blues (feat. John Moreland),Zach Bryan,1,46.0,46,0.0,63.0,3.1646666666666667,19,album,True,2025-07-06,2025-07-06
Meteor Man,Lil Uzi Vert,1,20.0,20,0.0,66.0,3.7928166666666665,16,album,True,2025-11-03,2025-11-03
Mine (Taylor's Version),Taylor Swift,8,14.125,1,14.826978306933807,77.75,3.8617666666666666,22,album,False,2024-07-09,2024-07-16
Missin’ You Like This (Feat. Luke Combs),Post Malone,3,40.333333333333336,33,6.350852961085883,57.666666666666664,3.713016666666667,18,album,False,2025-08-17,2025-08-19
Mistletoe,Justin Bieber,29,40.0,29,7.111359122659224,89.86206896551724,3.0491,15,album,False,2024-11-25,2024-12-27
Mistletoe And Holly - Remastered 1999,Frank Sinatra,2,50.0,50,0.0,81.0,2.2737666666666665,15,album,False,2024-12-26,2024-12-27
Mmhmm,BigXthaPlug,58,42.206896551724135,31,5.336924078595239,80.32758620689656,1.9835833333333333,7,album,True,2025-03-18,2025-11-08
Money On The Dresser,Young Thug,1,23.0,23,0.0,70.0,2.216666666666667,15,album,True,2024-06-25,2024-06-25
Money Trees,Kendrick Lamar,41,45.073170731707314,35,4.479900913538373,84.70731707317073,6.448433333333333,13,album,True,2024-05-18,2024-12-01
Monster Mash,"Bobby ""Boris"" Pickett & The Crypt-Kickers",8,26.25,2,18.506755523321747,77.75,3.2006666666666668,16,album,False,2024-10-29,2025-11-03
Moonlight,Kali Uchis,105,42.266666666666666,30,5.319171903932952,86.78095238095239,3.1287166666666666,15,album,False,2024-05-18,2024-10-06
Mourning,Post Malone,11,29.181818181818183,9,11.347406591976705,73.9090909090909,2.46365,1,single,True,2024-05-21,2024-08-01
Mr Chow,Lil Uzi Vert,1,39.0,39,0.0,64.0,2.95455,16,album,True,2025-11-03,2025-11-03
Mr. Brightside,The Killers,3,33.0,21,10.392304845413264,86.66666666666667,3.7162166666666665,12,album,False,2025-01-01,2025-01-03
Murder On The Dancefloor,Sophie Ellis-Bextor,31,35.193548387096776,20,6.794210058761847,87.61290322580645,3.83355,15,album,False,2025-01-07,2025-02-06
My Boo,USHER,3,33.0,20,11.532562594670797,84.33333333333333,3.724,21,album,False,2025-02-14,2025-02-16
My Boy Only Breaks His Favorite Toys,Taylor Swift,29,18.93103448275862,7,10.053183697866771,84.51724137931035,3.3966833333333333,16,album,False,2025-04-21,2025-05-19
My Love Mine All Mine,Mitski,224,16.566964285714285,2,14.09433234303875,95.04017857142857,2.2962166666666666,11,album,False,2024-09-20,2025-11-20
NADIE SABE,Bad Bunny,5,21.6,3,17.372391890583174,66.4,6.317633333333333,22,album,True,2024-10-14,2024-10-18
NEL,Fuerza Regida,10,42.3,31,5.945119380167602,87.2,2.48455,15,album,True,2025-10-02,2025-10-26
NEW DROP,Don Toliver,4,48.0,46,1.4142135623730951,84.5,3.6222166666666666,16,album,True,2025-10-25,2025-11-09
NIGHTS LIKE THIS,The Kid LAROI,147,31.591836734693878,20,6.092612978408257,87.60544217687075,1.4497166666666668,20,album,False,2025-06-28,2025-11-27
NO ME QUIERO CASAR,Bad Bunny,2,25.0,25,0.0,39.0,3.7609,22,album,True,2024-10-14,2024-10-15
Nakamura,Lil Uzi Vert,2,25.5,16,13.435028842544403,73.5,3.2983333333333333,26,album,True,2024-07-02,2024-07-03
Needle (feat. Drake),Nicki Minaj,7,29.714285714285715,10,9.911513266807205,79.85714285714286,3.92815,22,album,True,2024-12-10,2024-12-16
Neva Play (feat. RM of BTS),Megan Thee Stallion & RM,6,44.166666666666664,38,3.4880749227427246,80.0,2.61955,1,single,True,2025-09-08,2025-09-14
Never Grow Up (Taylor's Version),Taylor Swift,4,26.75,17,8.421203397773187,62.25,4.882,22,album,False,2024-07-09,2024-07-12
Never Lose Me,Flo Milli,76,17.842105263157894,5,13.06910109796278,87.27631578947368,2.09835,1,single,True,2025-01-08,2025-04-06
Never Love You Again (Feat. Sierra Ferrell),Post Malone,3,46.333333333333336,39,6.350852961085883,56.333333333333336,3.11435,18,album,False,2025-08-17,2025-08-19
New Jeans,NewJeans,3,34.666666666666664,31,6.350852961085884,88.33333333333333,1.8164333333333333,2,single,False,2024-07-23,2024-07-25
New Romantics,Taylor Swift,1,31.0,31,0.0,76.0,3.8411,19,album,False,2024-08-12,2024-08-12
New Romantics (Taylor's Version),Taylor Swift,9,27.444444444444443,12,11.641639823400213,75.11111111111111,3.8362833333333333,21,album,False,2024-10-29,2024-11-06
New Year’s Day,Taylor Swift,1,39.0,39,0.0,77.0,3.9244333333333334,15,album,False,2025-01-03,2025-01-03
Night Changes,One Direction,10,31.1,16,9.723396754449777,88.0,3.7766666666666664,16,album,False,2025-10-19,2025-10-28
Nine Ball,Zach Bryan,3,43.333333333333336,36,6.350852961085883,46.333333333333336,2.832333333333333,5,single,False,2024-09-24,2024-09-26
No Complaints,Noah Kahan,1,24.0,24,0.0,65.0,3.4238666666666666,21,album,False,2024-06-11,2024-06-11
No Face,Drake,3,40.0,37,5.196152422706632,65.66666666666667,2.2857,1,single,True,2025-09-02,2025-09-04
No One Noticed,The Marías,52,36.75,17,9.622023349240704,80.90384615384616,3.9484333333333335,14,album,False,2025-10-02,2025-11-27
No One Noticed (Extended English),The Marías,2,37.5,30,10.606601717798213,59.0,4.7411,2,single,False,2025-11-17,2025-11-18
No Pole,Don Toliver,7,47.42857142857143,44,2.2990681342044397,82.14285714285714,3.1268833333333332,20,album,True,2025-11-13,2025-11-23
No Role Modelz,J. Cole,272,34.51470588235294,19,7.474912821190176,90.53676470588235,4.879983333333334,13,album,True,2024-05-18,2025-04-12
Noid,"Tyler, The Creator",26,19.923076923076923,3,14.59841930326178,81.92307692307692,4.750056410256411,1,single,True,2025-10-23,2025-11-20
Nonsense,Sabrina Carpenter,3,48.0,45,2.6457513110645907,84.33333333333333,2.7274666666666665,13,album,False,2025-06-19,2025-06-27
Northern Attitude (with Hozier),Noah Kahan & Hozier,8,21.75,2,12.186057606953941,71.625,4.454266666666666,1,single,True,2024-11-11,2024-11-18
Nosedive (Feat. Lainey Wilson),Post Malone,5,34.2,25,7.529940238806679,63.2,3.20765,18,album,False,2025-08-17,2025-08-21
Not Allowed,TV Girl,25,43.72,38,3.8678159211627423,88.96,2.797733333333333,10,album,True,2024-12-28,2025-01-27
Not An Option,Lil Uzi Vert,1,37.0,37,0.0,64.0,2.5149166666666667,16,album,True,2025-11-03,2025-11-03
Not Like Us,Kendrick Lamar,201,11.99502487562189,1,12.712787858073385,93.48258706467662,4.569866666666667,1,single,True,2025-05-07,2025-11-27
Novacandy,Post Malone,1,36.0,36,0.0,46.0,3.288116666666667,17,album,True,2024-07-29,2024-07-29
Now And Then,The Beatles,4,34.5,24,12.556538801224908,79.5,4.138883333333333,2,single,False,2024-11-04,2024-11-07
Now That We Don't Talk (Taylor's Version) (From The Vault),Taylor Swift,34,14.676470588235293,2,15.193141571187281,88.29411764705883,2.4406,21,album,False,2024-10-29,2024-12-01
OCEAN,Future,1,36.0,36,0.0,67.0,3.384933333333333,17,album,True,2025-09-22,2025-09-22
OH LOUISIANA,Beyoncé,2,38.5,32,9.192388155425117,46.5,0.8699166666666667,27,album,False,2025-03-31,2025-04-01
ONE CALL,Rich Amiri,81,24.839506172839506,13,9.674007429865167,85.69135802469135,2.0233166666666667,14,album,True,2025-01-31,2025-05-11
Oak Island,Zach Bryan,5,33.4,18,10.945318634009702,70.6,3.990166666666666,19,album,False,2025-07-06,2025-07-10
Of Course (Bonus Track),Lil Uzi Vert,1,45.0,45,0.0,68.0,3.4827666666666666,26,album,True,2024-07-02,2024-07-02
Oh U Went (feat. Drake),Young Thug,8,17.375,3,14.201986782539567,80.375,3.0888833333333334,15,album,True,2024-06-25,2024-07-08
Oklahoman Son,Zach Bryan,6,35.333333333333336,22,8.75595035770913,68.66666666666667,4.157533333333333,16,album,False,2024-08-26,2024-08-31
On The Radar Freestyle,Drake & Central Cee,1,46.0,46,0.0,72.0,4.588,1,single,True,2024-07-29,2024-07-29
"One Of The Girls (with JENNIE, Lily Rose Depp)",The Weeknd,41,35.51219512195122,20,7.053800221226542,81.14634146341463,4.0780666666666665,36,album,False,2025-02-11,2025-03-29
"One Of The Girls (with JENNIE, Lily Rose Depp)",The Weeknd & JENNIE & Lily-Rose Depp,53,30.41509433962264,15,9.884786216637218,96.01886792452831,4.0780666666666665,3,single,False,2024-12-28,2025-04-20
One Of Your Girls,Troye Sivan,10,32.4,24,6.915361322607968,82.3,3.0246833333333334,10,album,False,2024-10-19,2024-10-28
One Thing At A Time,Morgan Wallen,10,45.4,38,3.747591819348052,82.3,3.4477333333333333,36,album,False,2024-05-18,2024-05-31
Or What,NLE Choppa,13,40.76923076923077,35,4.342692063567753,65.76923076923077,3.3194166666666667,8,album,True,2025-10-08,2025-10-20
Ours (Taylor’s Version),Taylor Swift,4,31.0,22,8.602325267042628,61.5,3.93005,22,album,False,2024-07-09,2024-07-12
Out Of My Hands,Future & Metro Boomin,2,49.0,49,0.0,71.5,4.050666666666666,25,album,True,2025-04-14,2025-04-15
Out Of The Woods,Taylor Swift,1,41.0,41,0.0,72.0,3.93,13,album,False,2024-08-12,2024-08-12
Out Of The Woods (Taylor's Version),Taylor Swift,11,22.363636363636363,7,13.276089237970098,78.63636363636364,3.93,21,album,False,2024-10-29,2024-11-08
Overcompensate,Twenty One Pilots,1,48.0,48,0.0,76.0,3.933333333333333,2,single,False,2025-03-03,2025-03-03
Overdrive,Post Malone,9,28.88888888888889,16,7.849274559544411,75.66666666666667,2.461316666666667,1,single,False,2024-07-16,2024-07-30
Overtime,Zach Bryan,12,26.5,2,16.09347693943108,77.25,3.1824333333333334,16,album,True,2024-08-26,2024-09-09
PAID,Kanye West & Ty Dolla $ign,4,21.5,9,14.38749456993816,79.25,3.25195,16,album,True,2025-02-12,2025-02-15
PAID,¥$ & Kanye West & Ty Dolla $ign,2,39.0,31,11.313708498984761,15.0,3.25195,16,album,True,2025-02-16,2025-02-17
PAPERWORK,Kanye West & Ty Dolla $ign,3,23.333333333333332,16,7.023769168568493,80.66666666666667,2.42975,16,album,True,2025-02-13,2025-02-15
PAPERWORK,¥$ & Kanye West & Ty Dolla $ign,1,41.0,41,0.0,0.0,2.42975,16,album,True,2025-02-16,2025-02-16
PARASAIL,Travis Scott,3,25.0,17,7.54983443527075,53.666666666666664,2.5827333333333335,19,album,True,2024-07-29,2024-07-31
PARASAIL (feat. Yung Lean & Dave Chappelle),Travis Scott,3,39.666666666666664,32,8.621678104251709,83.66666666666667,2.5827333333333335,19,album,True,2024-08-01,2024-08-03
PERRO NEGRO,Bad Bunny,36,25.583333333333332,11,12.586557455135564,91.16666666666667,2.7127833333333333,22,album,True,2024-10-14,2025-01-03
PLUTOSKI,Future,1,23.0,23,0.0,68.0,2.9837,17,album,True,2025-09-22,2025-09-22
PRC,Peso Pluma,1,45.0,45,0.0,56.0,3.0677666666666665,17,album,True,2024-07-03,2024-07-03
PRC,Peso Pluma & Natanael Cano,44,27.931818181818183,12,9.107619420082127,95.27272727272727,3.0677666666666665,1,single,True,2024-05-18,2024-07-01
PRESS THE BUTTON,Future,1,50.0,50,0.0,66.0,2.8376,17,album,True,2025-09-22,2025-09-22
PROBLEMATIC,Kanye West & Ty Dolla $ign,3,32.666666666666664,27,4.932882862316248,78.66666666666667,3.2452166666666664,16,album,True,2025-02-13,2025-02-15
PROMOTION,¥$ & Kanye West & Ty Dolla $ign,1,48.0,48,0.0,0.0,2.6479333333333335,16,album,True,2025-08-04,2025-08-04
PROTECTOR,Beyoncé,4,29.75,14,13.720422734012244,51.0,3.0733166666666665,27,album,False,2025-03-31,2025-04-03
Paars In The Mars,Lil Uzi Vert,1,36.0,36,0.0,64.0,3.000366666666667,16,album,True,2025-11-03,2025-11-03
Paint The Town Red,Doja Cat,197,16.238578680203045,1,14.631142840758752,87.96954314720813,3.8465981387478854,1,single,True,2024-08-06,2025-03-05
Parade on Cleveland (feat. Drake),Young Thug,1,4.0,4,0.0,73.0,3.8044333333333333,15,album,True,2024-06-25,2024-06-25
Parking Lot,Mustard & Travis Scott,7,38.142857142857146,29,6.890296835129129,70.71428571428571,2.9220166666666665,1,single,True,2025-06-22,2025-06-30
Party In The U.S.A.,Miley Cyrus,7,14.0,4,9.763879010584539,80.71428571428571,3.367766666666667,7,album,False,2024-07-05,2025-07-08
Patience (feat. Don Toliver),Lil Uzi Vert,2,36.5,23,19.091883092036785,26.5,4.3738166666666665,26,album,False,2024-07-02,2024-07-03
Paul Revere,Noah Kahan,1,36.0,36,0.0,65.0,3.5552166666666665,21,album,False,2024-06-11,2024-06-11
Pelle Coat,Lil Durk,1,41.0,41,0.0,71.0,4.2289666666666665,21,album,True,2024-05-28,2024-05-28
"Peso Pluma: Bzrp Music Sessions, Vol. 55",Bizarrap & Peso Pluma,46,23.456521739130434,3,15.676885350716734,95.43478260869566,3.13935,1,single,True,2024-06-03,2024-07-24
Peter,Taylor Swift,7,39.42857142857143,33,6.373307431706683,81.71428571428571,4.732616666666667,31,album,False,2025-04-21,2025-04-27
Pi (feat. Daylyt & Ab-Soul),J. Cole,1,25.0,25,0.0,69.0,5.912883333333333,12,album,True,2025-04-07,2025-04-07
Pink + White,Frank Ocean,217,39.60829493087557,23,6.8413587930202455,89.82027649769586,3.075266666666667,17,album,False,2024-08-24,2025-11-23
Pink Pony Club,Chappell Roan,148,21.66216216216216,12,8.74005094558079,86.53378378378379,4.300566666666667,14,album,False,2025-06-24,2025-11-23
Pink Skies,Zach Bryan,177,22.062146892655367,7,10.871228809072557,86.79661016949153,3.248666666666667,1,single,False,2025-05-26,2025-11-22
Please Come Home for Christmas - 2013 Remaster,Eagles,12,38.416666666666664,24,9.976867183032896,87.33333333333333,2.957333333333333,2,single,False,2024-12-12,2024-12-27
Please Please Please,Sabrina Carpenter,170,9.905882352941177,1,9.685129856698198,92.17647058823529,3.1060833333333333,2,single,True,2025-06-09,2025-11-27
Pluto to Mars,Lil Uzi Vert,3,26.333333333333332,19,8.082903768654761,74.66666666666667,4.1082833333333335,26,album,True,2024-07-02,2024-07-04
Polar Opposites,Drake,5,36.8,26,8.555699854482976,57.6,4.286333333333333,23,album,True,2024-10-07,2024-10-11
Popular,Wicked Movie Cast & Cynthia Erivo & Ariana Grande,1,44.0,44,0.0,75.0,4.025016666666667,12,album,False,2025-11-27,2025-11-27
Popular (with Playboi Carti & Madonna),The Weeknd,17,44.411764705882355,28,6.042131489894645,74.94117647058823,3.5911,36,album,True,2025-02-11,2025-03-05
Popular (with Playboi Carti & Madonna),The Weeknd & Playboi Carti & Madonna,6,18.333333333333332,3,8.547904226573124,81.16666666666667,3.5910999999999995,1,single,True,2024-06-04,2024-06-09
Popular (with Playboi Carti & Madonna) - From The Idol Vol. 1 (Music from the HBO Original Series),The Weeknd & Madonna,18,21.666666666666668,15,4.715431487960253,95.83333333333333,3.5910999999999995,1,single,True,2025-01-24,2025-02-10
Popular (with Playboi Carti & Madonna) - Music from the HBO Original Series,The Weeknd & Madonna,27,28.962962962962962,21,7.089979285428571,93.07407407407408,3.5911,1,single,True,2024-12-28,2025-01-23
Popular (with Playboi Carti & Madonna) - The Idol Vol. 1 (Music from the HBO Original Series),The Weeknd & Playboi Carti & Madonna,3,29.666666666666668,23,7.023769168568492,86.66666666666667,3.5910999999999995,1,single,True,2024-06-10,2024-06-12
Por las Noches,Peso Pluma,41,35.146341463414636,20,10.245879600136231,92.82926829268293,3.9974166666666666,1,single,False,2024-05-18,2024-07-18
Pour Me A Drink (Feat. Blake Shelton),Post Malone,7,22.857142857142858,15,7.7120808136449455,66.0,3.2520333333333333,18,album,False,2025-08-17,2025-08-23
Pour Me A Drink (Feat. Blake Shelton),Post Malone & Blake Shelton,28,25.428571428571427,9,12.996947138487366,80.78571428571429,3.2520333333333333,1,single,False,2025-06-22,2025-07-20
Praise Jah In The Moonlight,YG Marley,42,34.45238095238095,21,10.037010489117401,92.9047619047619,4.384,1,single,True,2025-02-05,2025-03-26
"Pricey (feat. Ari Lennox, Young Dro & Gucci Mane)",J. Cole,3,25.666666666666668,7,17.616280348965084,73.66666666666667,4.9191,12,album,True,2025-04-07,2025-04-09
Princess Diana (with Nicki Minaj),Ice Spice & Nicki Minaj,2,49.0,49,0.0,87.0,2.86875,1,single,True,2024-05-19,2024-05-20
Psycho Killer - 2005 Remaster,Talking Heads,1,46.0,46,0.0,78.0,4.356883333333333,16,album,False,2025-11-02,2025-11-02
Purple Gas,Zach Bryan,2,41.0,34,9.899494936611665,65.0,3.0025333333333335,19,album,True,2025-07-06,2025-07-07
Push Ups,Drake,28,21.214285714285715,11,11.67890514546742,88.35714285714286,3.879566666666667,1,single,True,2025-04-21,2025-05-18
QLONA,KAROL G,85,28.4,14,10.666145820617055,89.44705882352942,2.87995,9,album,True,2024-08-13,2025-01-02
Que Onda,Calle 24 & Chino Pacas & Fuerza Regida,56,44.589285714285715,36,2.921872287136735,93.92857142857143,3.1911,1,single,True,2024-10-22,2025-02-02
Qué Pasaría...,Rauw Alejandro,9,35.666666666666664,14,10.700467279516348,79.77777777777777,3.1836333333333333,18,album,True,2025-11-17,2025-11-25
READY TO COOK UP,Future,1,26.0,26,0.0,68.0,2.7851833333333333,17,album,True,2025-09-22,2025-09-22
RELOJ,Peso Pluma,2,47.0,47,0.0,31.5,3.8700833333333335,24,album,True,2025-06-22,2025-06-23
RIIVERDANCE,Beyoncé,4,36.5,28,8.06225774829855,74.25,4.199766666666667,27,album,True,2025-03-31,2025-04-03
ROSA PASTEL,Peso Pluma,1,48.0,48,0.0,68.0,3.4042166666666667,14,album,True,2024-06-25,2024-06-25
Rah Tah Tah,"Tyler, The Creator",25,18.68,2,12.690941651429968,85.76,2.756866666666667,14,album,True,2025-10-30,2025-11-23
Ready ‘24 (feat. Cam’ron),J. Cole,2,22.5,11,16.263455967290593,71.0,3.5022166666666665,12,album,True,2025-04-07,2025-04-08
Red Button,Drake,2,20.0,6,19.79898987322333,33.5,2.667483333333333,29,album,True,2024-11-18,2024-11-19
Red Leather,Future & Metro Boomin,2,40.0,40,0.0,71.0,6.914883333333333,25,album,True,2025-04-14,2025-04-15
Red Wine Supernova,Chappell Roan,149,27.543624161073826,14,9.538317618580638,86.25503355704699,3.212,14,album,True,2025-04-16,2025-10-29
Rehab,Lil Uzi Vert,1,48.0,48,0.0,68.0,4.0845,26,album,True,2024-07-02,2024-07-02
Religiously,Bailey Zimmerman,67,33.88059701492537,21,7.170060622835936,85.26865671641791,2.9787166666666667,16,album,False,2024-07-19,2024-10-01
Renaissance,Eminem,7,21.714285714285715,2,14.727686916307052,80.57142857142857,1.6358666666666666,19,album,True,2025-07-14,2025-07-20
Rich Baby Daddy (feat. Sexyy Red & SZA),Drake,141,26.326241134751772,10,9.657340993033458,88.78014184397163,5.31985,23,album,True,2024-10-07,2025-03-30
Rich Flex,Drake & 21 Savage,18,44.05555555555556,38,3.472111109333277,90.0,3.9893166666666664,16,album,True,2024-05-18,2024-06-12
Rich Girl,Daryl Hall & John Oates,2,35.0,30,7.0710678118654755,83.0,2.379766666666667,9,album,False,2025-07-06,2025-07-07
Rich Men North of Richmond,Oliver Anthony Music,54,15.722222222222221,1,12.044597421417834,86.64814814814815,3.1207333333333334,1,single,False,2024-08-14,2024-10-06
Road Rage,Eminem,1,23.0,23,0.0,71.0,3.6289333333333333,19,album,True,2025-07-14,2025-07-14
Robin,Taylor Swift,4,42.75,37,6.652067347825035,78.5,4.014883333333334,31,album,False,2025-04-21,2025-04-24
Rockin' Around The Christmas Tree,Brenda Lee,61,12.80327868852459,1,15.459430425181852,89.65573770491804,2.104433333333333,12,album,False,2024-11-13,2025-11-27
Romantic Homicide,d4vd,22,47.72727272727273,43,2.051290376273482,90.31818181818181,2.2105,1,single,False,2024-05-18,2025-03-08
Rompe La Dompe,Peso Pluma & Junior H & Oscar Maydon,1,32.0,32,0.0,0.0,2.7605666666666666,1,single,True,2024-12-30,2024-12-30
Rudolph The Red-Nosed Reindeer,Burl Ives,8,38.875,29,9.218575966880291,85.75,2.1671,12,album,False,2024-12-17,2024-12-27
Run Rudolph Run,Chuck Berry,20,32.65,21,8.886861976506312,86.2,2.7622166666666668,20,album,False,2024-11-25,2024-12-27
Runnin Outta Time,Future & Metro Boomin,3,32.333333333333336,17,13.428824718989123,51.333333333333336,3.4246666666666665,17,album,True,2025-03-24,2025-03-27
Rush,Troye Sivan,10,42.8,38,3.2249030993194205,85.1,2.606516666666667,1,single,True,2024-07-16,2024-07-28
S91,KAROL G,1,23.0,23,0.0,50.0,2.8834166666666667,9,album,False,2024-08-13,2024-08-13
SABOR FRESA,Fuerza Regida,47,32.40425531914894,10,10.791823745756874,91.31914893617021,2.6083333333333334,1,single,True,2024-06-25,2024-08-24
SAY MY GRACE (feat. Travis Scott),Offset,6,31.166666666666668,25,8.998147957589198,64.5,2.8875499999999996,21,album,True,2024-10-14,2024-10-19
SEDA,Bad Bunny,5,26.4,8,16.87601848778319,65.8,3.1746,22,album,True,2024-10-14,2024-10-18
SIRENS,Travis Scott,9,20.88888888888889,9,10.469532516359608,77.0,3.40745,19,album,True,2024-07-29,2024-08-06
SKI,Future,2,29.0,14,21.213203435596427,70.5,2.4598666666666666,17,album,True,2025-09-22,2025-09-23
SKINNY,Billie Eilish,14,24.071428571428573,9,11.391388688993816,85.92857142857143,3.6622166666666667,10,album,False,2025-05-19,2025-06-01
SKITZO,Travis Scott,3,17.333333333333332,14,3.5118845842842465,54.333333333333336,6.109866666666666,19,album,True,2024-07-29,2024-07-31
SKITZO (feat. Young Thug),Travis Scott,5,24.2,20,3.8340579025361627,85.8,6.109866666666667,19,album,True,2024-08-01,2024-08-05
SLIDE,¥$ & Kanye West & Ty Dolla $ign,3,40.0,28,10.392304845413264,47.0,3.301,16,album,True,2025-08-04,2025-08-06
SLUT ME OUT,NLE Choppa,33,36.54545454545455,17,9.21646254363255,76.03030303030303,2.0612,22,album,True,2024-05-18,2024-06-22
SMOKE HOUR ★ WILLIE NELSON,Beyoncé,3,28.333333333333332,17,13.316656236958787,50.666666666666664,0.8453500000000002,27,album,False,2025-03-31,2025-04-02
SPAGHETTII,Beyoncé,6,29.833333333333332,15,12.303116136437415,78.5,2.6412833333333334,27,album,True,2025-03-31,2025-04-05
STARS,Kanye West & Ty Dolla $ign,4,10.75,4,5.560275772537426,81.0,1.9206333333333334,16,album,True,2025-02-12,2025-02-15
STARS,¥$ & Kanye West & Ty Dolla $ign,2,23.0,21,2.8284271247461903,16.0,1.9206333333333334,16,album,True,2025-02-16,2025-02-17
SWEET ★ HONEY ★ BUCKIIN',Beyoncé,2,41.5,37,6.363961030678928,71.0,4.936416666666666,27,album,True,2025-03-31,2025-04-01
Sailor Song,Gigi Perez,94,14.77659574468085,3,11.126983820047311,85.72340425531915,3.5329666666666673,1,single,False,2025-08-22,2025-11-27
Santa Baby (with Henri René & His Orchestra),Eartha Kitt,23,30.565217391304348,18,11.288876612748746,77.30434782608695,3.4344333333333337,14,album,False,2024-11-25,2024-12-27
"Santa Claus Is Comin' to Town - Live at C.W. Post College, Greenvale, NY - December 1975",Bruce Springsteen,5,35.2,31,7.1902712048990205,86.0,4.46,1,single,False,2024-12-23,2024-12-27
Santa Claus Is Coming To Town,The Jackson 5,5,38.2,33,7.395944834840238,87.0,2.4002166666666667,11,album,False,2024-12-19,2024-12-27
Santa Tell Me,Ariana Grande,37,18.89189189189189,7,12.317069871126419,91.75675675675676,3.40155,1,single,False,2024-11-23,2025-11-26
Santa Tell Me - Naughty Version,Ariana Grande,2,9.5,9,0.7071067811865476,59.0,3.39155,7,single,False,2024-12-13,2024-12-14
"Santa, Can’t You Hear Me",Kelly Clarkson,4,45.25,42,2.3629078131263053,87.0,4.044066666666667,15,album,False,2024-12-24,2024-12-27
Sarah's Place (feat. Noah Kahan),Zach Bryan & Noah Kahan,13,24.076923076923077,4,14.86865572528072,66.07692307692308,3.5675999999999997,1,single,False,2024-09-24,2024-10-06
Saturn,SZA,119,22.92436974789916,3,12.587429607879216,89.91596638655462,3.1031833333333334,5,single,False,2025-02-25,2025-06-28
Saturn Returns Interlude,Ariana Grande,5,32.0,19,9.9498743710662,79.6,0.7027666666666667,13,album,False,2025-03-10,2025-03-15
Say Don't Go (Taylor's Version) (From The Vault),Taylor Swift,23,18.304347826086957,4,14.858223259157613,85.34782608695652,4.663883333333334,21,album,False,2024-10-29,2024-11-21
Say Yes To Heaven,Lana Del Rey,15,39.6,10,10.795501708714474,86.66666666666667,3.4859333333333336,2,single,False,2024-05-21,2024-06-08
Scared To Start,Michael Marcagi,127,38.976377952755904,13,10.540522386176036,89.14173228346456,2.6606,1,single,False,2025-03-03,2025-09-07
Screw The World - Interlude,Drake,2,24.5,21,4.949747468305833,34.0,1.8682166666666666,23,album,True,2024-10-07,2024-10-08
Search & Rescue,Drake,84,31.0,11,12.55445967898759,90.16666666666667,4.5352,1,single,True,2024-05-18,2024-09-09
See You Again (feat. Kali Uchis),"Tyler, The Creator",443,29.340857787810382,4,11.786710293123722,91.08352144469526,3.0064333333333333,14,album,True,2024-05-18,2025-11-26
Seen it All,Future & Metro Boomin,1,39.0,39,0.0,0.0,2.990666666666667,17,album,True,2025-03-24,2025-03-24
Self Love (Spider-Man: Across the Spider-Verse) (Metro Boomin & Coi Leray),Metro Boomin,25,27.44,17,10.801543099637819,86.64,3.157766666666667,13,album,False,2024-06-06,2024-06-30
Selfish,Justin Timberlake,2,44.0,44,0.0,73.0,3.8221833333333333,1,single,False,2025-01-28,2025-01-29
September,"Earth, Wind & Fire & sped up + slowed",3,19.666666666666668,12,7.094598884597588,83.33333333333333,3.6003666666666665,3,single,False,2024-09-23,2025-09-24
Seven (feat. Latto) (Explicit Ver.),Jung Kook,6,30.5,21,9.792854537876073,65.83333333333333,3.0591666666666666,11,album,True,2024-11-04,2024-11-09
Seven (feat. Latto) (Explicit Ver.),Jung Kook & Latto,81,22.358024691358025,1,9.439688344928701,98.65432098765432,3.0733333333333333,3,single,True,2024-07-16,2024-10-06
Seven (feat. Latto) (Explicit Ver.),Jung Kook & Latto & BTS,2,4.0,4,0.0,92.0,3.0733333333333333,3,single,True,2024-07-17,2024-07-18
Shake It Off,Taylor Swift,1,34.0,34,0.0,79.0,3.6533333333333333,13,album,False,2024-08-12,2024-08-12
Shake It Off (Taylor's Version),Taylor Swift,6,31.833333333333332,15,13.257702163899545,69.83333333333333,3.6534833333333334,21,album,False,2024-10-29,2024-11-03
Sharpest Tool,Sabrina Carpenter,23,26.52173913043478,8,13.84941602056462,82.69565217391305,3.6380666666666666,12,album,True,2025-08-24,2025-09-15
She Calls Me Back (with Kacey Musgraves),Noah Kahan & Kacey Musgraves,1,46.0,46,0.0,31.0,4.066033333333333,1,single,True,2024-10-07,2024-10-07
She Stank,Lil Uzi Vert,1,50.0,50,0.0,63.0,2.0968333333333335,16,album,True,2025-11-03,2025-11-03
Should've Been A Cowboy,Toby Keith,5,27.4,5,16.92040188648012,77.6,3.5217666666666667,10,album,False,2025-02-08,2025-02-12
Shut up My Moms Calling,Hotel Ugly,45,46.355555555555554,41,2.939971826979696,89.24444444444444,2.74285,1,single,False,2024-09-18,2025-11-15
Si Antes Te Hubiera Conocido,KAROL G,51,46.568627450980394,36,3.312128632530956,95.31372549019608,3.263733333333333,1,single,False,2025-07-15,2025-09-21
Si No Quieres No,Luis R Conriquez & Neton Vega,1,50.0,50,0.0,89.0,2.4501833333333334,1,single,False,2025-06-03,2025-06-03
Sign Me Up,Post Malone,1,44.0,44,0.0,44.0,3.3156166666666667,17,album,True,2024-07-29,2024-07-29
Single Soon,Selena Gomez,10,35.6,21,8.630694577430537,75.8,2.8609166666666668,1,single,False,2024-08-26,2024-09-06
Skin and Bones,David Kushner,1,37.0,37,0.0,73.0,3.5772,1,single,False,2025-01-21,2025-01-21
Sleigh Ride,The Ronettes,34,19.38235294117647,9,8.323077467999706,79.94117647058823,3.0211,15,album,False,2024-11-24,2024-12-27
Slim Pickins,Sabrina Carpenter,16,24.9375,13,10.298664962022988,79.75,2.536583333333333,12,album,False,2025-08-24,2025-09-08
Slime You Out (feat. SZA),Drake,21,23.38095238095238,4,12.997985191852583,81.57142857142857,5.174833333333333,23,album,True,2024-10-08,2024-10-28
Slime You Out (feat. SZA),Drake & SZA,21,9.761904761904763,1,6.869532457924351,83.38095238095238,5.174833333333333,1,single,True,2024-09-17,2024-10-07
Slimed In,Future & Metro Boomin,5,26.0,13,11.090536506409418,63.4,3.2484333333333333,17,album,True,2025-03-24,2025-03-29
Slow It Down,Benson Boone,197,37.36040609137056,19,7.2137238704532045,87.13197969543147,2.6971833333333333,1,single,False,2025-03-24,2025-11-18
Smaller Acts,Zach Bryan,11,33.0,19,11.907980517283358,74.18181818181819,3.121166666666667,16,album,True,2024-08-26,2024-09-08
Smeraldo Garden Marching Band (feat. Loco),Jimin & Loco,14,40.714285714285715,24,7.965585317511165,88.64285714285714,3.0473333333333334,1,single,False,2025-06-30,2025-07-17
Snooze,SZA,282,30.45035460992908,9,12.31695948588803,91.87943262411348,3.3633333333333333,23,album,True,2024-05-18,2025-06-21
Snooze (Acoustic) (feat. Justin Bieber),SZA & Justin Bieber,1,36.0,36,0.0,0.0,3.1744,1,single,True,2024-09-17,2024-09-17
Snow On The Beach (feat. More Lana Del Rey),Taylor Swift,3,20.0,4,16.522711641858304,79.33333333333333,3.8323666666666667,23,album,True,2024-05-28,2024-05-30
Snowman,Sia,5,43.6,38,4.277849927241488,94.0,2.765,13,album,False,2024-12-23,2024-12-27
So High School,Taylor Swift,18,32.77777777777778,21,9.65618092546735,86.27777777777777,3.8133333333333335,31,album,False,2025-04-21,2025-05-16
"So Long, London",Taylor Swift,35,19.4,4,14.783138248375689,84.97142857142858,4.3829,16,album,False,2025-04-21,2025-05-25
Somebody Save Me,Eminem,10,37.7,24,7.5726114679444905,78.4,3.83665,19,album,True,2025-07-14,2025-07-24
Somebody's Watching Me - Single Version,Rockwell,3,19.333333333333332,7,19.655363983740756,78.33333333333333,3.9797666666666665,2,single,False,2024-11-01,2025-11-03
Something Real,Post Malone,4,39.25,29,8.301606270274847,68.5,3.42145,17,album,True,2024-07-29,2024-08-01
Something in the Orange,Zach Bryan,536,26.292910447761194,9,9.347598328133005,88.37126865671642,3.8002166666666666,4,single,False,2024-05-18,2025-11-23
Sparks Fly (Taylor’s Version),Taylor Swift,7,14.714285714285714,3,11.338934190276817,75.14285714285714,4.353833333333333,22,album,False,2024-07-09,2024-07-15
Speak Now (Taylor's Version),Taylor Swift,7,22.714285714285715,8,15.228419547174353,74.71428571428571,4.041216666666666,22,album,False,2024-07-09,2024-07-15
Speed Drive (From Barbie The Album),Charli XCX,30,37.333333333333336,23,8.018656407074234,87.93333333333334,1.9634833333333332,1,single,False,2024-07-25,2024-08-23
Spin Again,Lil Uzi Vert,2,25.5,13,17.67766952966369,74.5,1.6294833333333334,26,album,True,2024-07-02,2024-07-03
Spin You Around (1/24),Morgan Wallen,10,34.5,23,9.991663191547909,76.4,3.49045,1,single,False,2025-01-28,2025-02-06
"Spooky, Scary Skeletons - Undead Tombstone Remix",Andrew Gold,2,17.5,11,9.192388155425117,77.0,2.0937333333333332,14,album,False,2024-11-01,2025-11-02
Spotless (feat. The Lumineers),Zach Bryan,28,25.821428571428573,6,15.444173230460954,81.25,2.82445,16,album,True,2024-08-26,2024-09-22
St. Chroma (feat. Daniel Caesar),"Tyler, The Creator",29,7.551724137931035,1,8.740652994961252,88.44827586206897,3.28365,14,album,True,2025-10-30,2025-11-27
Stand By Me (feat. Morgan Wallen),Lil Durk,31,19.516129032258064,3,11.729935969538042,84.87096774193549,3.6528833333333335,21,album,True,2024-05-28,2024-07-01
Standing Next to You,Jung Kook,14,25.071428571428573,17,7.332375894874476,86.0,3.43365,11,album,False,2024-11-04,2024-11-17
Stargazing,Myles Smith,76,37.43421052631579,23,7.584783936831761,90.75,2.87555,1,single,False,2025-05-24,2025-08-16
Stealth Mode (feat. Bas),J. Cole,1,33.0,33,0.0,68.0,2.25355,12,album,True,2025-04-07,2025-04-07
Stick Season,Noah Kahan,414,18.28985507246377,1,11.360610915190891,91.09661835748793,3.0391,14,album,False,2024-09-27,2025-11-27
"Sticky (feat. GloRilla, Sexyy Red & Lil Wayne)","Tyler, The Creator",29,4.551724137931035,2,3.1462699786135837,85.93103448275862,4.26525,14,album,True,2025-10-30,2025-11-27
Stickz N Stonez,J. Cole,2,33.0,18,21.213203435596427,69.0,3.346433333333333,12,album,True,2025-04-07,2025-04-08
Stories About My Brother,Drake,2,29.5,12,24.748737341529164,33.5,4.402166666666667,29,album,True,2024-11-18,2024-11-19
Story of My Life,One Direction,6,37.833333333333336,24,11.14300976696452,84.66666666666667,4.09155,18,album,False,2025-10-19,2025-10-26
Strangers,Kenya Grace,83,33.24096385542169,15,9.794959332633592,95.79518072289157,2.8827333333333334,1,single,False,2024-09-18,2025-01-13
Style,Taylor Swift,38,34.39473684210526,8,10.854167150153476,82.89473684210526,3.85,13,album,False,2024-07-16,2024-10-28
Style (Taylor's Version),Taylor Swift,18,26.38888888888889,5,15.782115301780454,84.0,3.8499999999999996,21,album,False,2024-10-29,2024-11-15
Suburban Legends (Taylor's Version) (From The Vault),Taylor Swift,14,15.857142857142858,5,12.799381853205874,80.5,2.8636333333333335,21,album,False,2024-10-29,2024-11-11
Suicide Doors,Lil Uzi Vert,3,7.0,3,4.0,79.33333333333333,4.317983333333333,26,album,True,2024-07-02,2024-07-04
Summertime's Close,Zach Bryan,12,27.333333333333332,4,14.754557590689384,76.75,3.1031,16,album,False,2024-08-26,2024-09-09
Sun to Me,Zach Bryan,82,44.207317073170735,33,4.4186412214505975,83.9390243902439,2.7171833333333333,34,album,False,2024-09-05,2025-10-19
Sunflower - Spider-Man: Into the Spider-Verse,Post Malone,44,36.09090909090909,26,6.781706521251163,87.18181818181819,2.626,17,album,False,2024-06-05,2024-07-28
Super Freak,Rick James,1,35.0,35,0.0,76.0,3.4244333333333334,25,album,False,2025-11-02,2025-11-02
Super Shy,NewJeans,51,25.54901960784314,9,10.551424028045119,91.54901960784314,2.5777666666666668,2,single,False,2024-07-09,2024-09-09
Superhero (Heroes & Villains) [with Future & Chris Brown],Metro Boomin,40,38.675,25,6.244536073178759,90.225,3.0444333333333335,15,album,True,2024-05-18,2024-07-08
Superman (Taylor’s Version),Taylor Swift,3,32.333333333333336,23,11.372481406154654,53.666666666666664,4.582416666666667,22,album,False,2024-07-09,2024-07-11
Sure Thing,Miguel,16,43.625,35,4.5,90.875,3.2562166666666665,13,album,False,2024-05-18,2025-01-11
Surround Sound (feat. 21 Savage & Baby Tate),JID,110,25.554545454545455,9,11.929138147722837,92.18181818181819,3.8323,16,album,True,2024-11-28,2025-03-23
Sweater Weather,The Neighbourhood,183,37.24590163934426,21,7.906713806698787,90.93442622950819,4.006669034608379,11,album,False,2024-09-12,2025-11-27
Sweet Dreams,Koe Wetzel,4,43.5,42,1.9148542155126762,75.25,2.8878166666666667,3,single,False,2025-05-24,2025-05-27
Sweet Home Alabama,Lynyrd Skynyrd,3,33.0,26,12.12435565298214,84.33333333333333,4.73,11,album,True,2024-07-05,2025-07-06
Sympathy is a knife featuring ariana grande,Charli xcx,6,29.833333333333332,8,13.07542223664944,75.66666666666667,2.568766666666667,34,album,True,2025-10-13,2025-10-18
TALKING,Kanye West & Ty Dolla $ign,4,10.25,6,4.0311288741492755,78.25,3.085166666666667,16,album,True,2025-02-12,2025-02-15
TALKING,¥$ & Kanye West & Ty Dolla $ign,2,26.0,20,8.48528137423857,54.0,3.085166666666667,1,single,True,2025-02-16,2025-02-17
TEFLON DON,Future,6,35.833333333333336,10,14.972196454317137,75.16666666666667,2.6648833333333335,17,album,True,2025-09-22,2025-09-27
TELEFONO NUEVO,Bad Bunny,5,23.0,10,11.874342087037917,65.8,5.9130666666666665,22,album,True,2024-10-14,2024-10-18
TELEKINESIS,Travis Scott,3,13.666666666666666,12,1.5275252316519465,54.333333333333336,5.8959,19,album,True,2024-07-29,2024-07-31
TELEKINESIS (feat. SZA & Future),Travis Scott,67,28.611940298507463,10,11.82697894758779,90.56716417910448,5.8959,19,album,True,2024-08-01,2024-10-06
TEXAS HOLD 'EM,Beyoncé,64,13.671875,1,11.154121862513852,82.625,3.914209375,1,single,True,2025-02-14,2025-04-20
TGIF,GloRilla,2,36.5,36,0.7071067811865476,67.5,2.74285,15,album,True,2025-10-28,2025-10-29
THANK GOD,Travis Scott,9,14.333333333333334,4,6.946221994724902,78.44444444444444,3.0814666666666666,19,album,True,2024-07-29,2024-08-06
THE DINER,Billie Eilish,14,30.214285714285715,16,9.664992908020569,83.78571428571429,3.105766666666667,10,album,False,2025-05-19,2025-06-01
THE GREATEST,Billie Eilish,18,29.333333333333332,11,12.83836163269148,85.77777777777777,4.897333333333333,10,album,False,2025-05-19,2025-06-07
THUNDER Y LIGHTNING,Bad Bunny,2,30.0,30,0.0,39.0,3.6188833333333332,22,album,True,2024-10-14,2024-10-15
TIL FURTHER NOTICE,Travis Scott,3,20.333333333333332,18,2.081665999466133,53.666666666666664,5.2472666666666665,19,album,True,2024-07-29,2024-07-31
TIL FURTHER NOTICE (feat. James Blake & 21 Savage),Travis Scott,6,27.5,22,10.153817016275209,85.83333333333333,5.2472666666666665,19,album,True,2024-08-01,2024-08-06
TOO FAST,Future,2,33.5,17,23.33452377915607,70.5,3.4288333333333334,17,album,True,2025-09-22,2025-09-23
TOO MUCH,The Kid LAROI & Jung Kook & Central Cee,1,33.0,33,0.0,55.0,3.398233333333333,1,single,True,2024-10-21,2024-10-21
TOPIA TWINS,Travis Scott,3,7.0,4,3.0,55.666666666666664,3.71955,19,album,True,2024-07-29,2024-07-31
TOPIA TWINS (feat. Rob49 & 21 Savage),Travis Scott,18,26.944444444444443,7,11.628930567502362,89.22222222222223,3.71955,19,album,True,2024-08-01,2024-08-18
TQG,KAROL G,1,50.0,50,0.0,96.0,3.2988833333333334,17,album,True,2024-05-18,2024-05-18
TQM,Fuerza Regida,68,25.029411764705884,8,10.130448544290438,92.58823529411765,2.6494166666666668,1,single,True,2024-05-22,2024-07-28
TULUM,Peso Pluma,22,37.90909090909091,28,6.753546446896595,88.9090909090909,3.49025,17,album,True,2024-07-03,2024-08-20
TV,Billie Eilish,1,50.0,50,0.0,81.0,4.689666666666667,2,single,False,2025-11-09,2025-11-09
TYRANT,Beyoncé,4,37.0,33,4.898979485566356,49.5,4.17875,27,album,False,2025-03-31,2025-04-03
"Take Me Home, Country Roads",John Denver,2,42.0,42,0.0,78.5,3.296883333333333,11,album,False,2024-07-05,2024-07-06
Take Two,BTS,1,17.0,17,0.0,83.0,3.83255,1,single,False,2024-06-11,2024-06-11
Take Your Mask Off (feat. Daniel Caesar & LaToiya Williams),"Tyler, The Creator",12,26.0,8,13.259644860183165,81.16666666666667,4.231816666666667,14,album,True,2025-10-30,2025-11-10
Talk talk featuring troye sivan,Charli xcx,1,48.0,48,0.0,63.0,2.8846,34,album,True,2025-10-13,2025-10-13
Talk talk featuring troye sivan,Charli xcx & Troye Sivan,1,46.0,46,0.0,72.0,2.8846,1,single,True,2025-09-15,2025-09-15
Talking / Once Again,¥$ & Kanye West & Ty Dolla $ign,1,33.0,33,0.0,73.0,3.085166666666667,1,single,True,2025-02-11,2025-02-11
Taste,Sabrina Carpenter,96,4.625,1,5.4911411909499614,93.26041666666667,2.6213166666666665,12,album,False,2025-08-24,2025-11-27
Tell Ur Girlfriend,Lay Bankz,33,34.75757575757576,16,9.31071393285144,87.0909090909091,2.0740666666666665,1,single,True,2025-04-11,2025-05-14
Temporary,Eminem,1,27.0,27,0.0,70.0,4.961116666666666,19,album,True,2025-07-14,2025-07-14
That Fiya,Lil Uzi Vert,1,20.0,20,0.0,72.0,2.5805333333333333,26,album,True,2024-07-02,2024-07-02
That’s So True,Gracie Abrams,38,8.052631578947368,1,9.863795027629273,87.28947368421052,2.7716666666666665,20,album,True,2025-10-20,2025-11-27
The Addams Family,Andrew Gold,1,39.0,39,0.0,72.0,1.4093333333333333,12,album,False,2025-11-02,2025-11-02
The Albatross,Taylor Swift,10,33.3,24,9.45221902224258,84.6,3.0646333333333335,31,album,False,2025-04-21,2025-05-01
The Alchemy,Taylor Swift,21,28.761904761904763,11,14.470330894298035,80.42857142857143,3.281666666666667,16,album,False,2025-04-21,2025-05-15
The Black Dog,Taylor Swift,15,31.066666666666666,20,10.208306608322646,86.33333333333333,3.98095,31,album,True,2025-04-21,2025-05-05
The Bolter,Taylor Swift,7,39.714285714285715,34,5.2508502712826,81.0,3.970683333333333,31,album,True,2025-04-21,2025-04-27
The Christmas Song (Merry Christmas To You),Nat King Cole,34,19.852941176470587,10,6.74259348062152,81.61764705882354,3.1962661764705884,19,album,False,2024-11-24,2024-12-27
The Emptiness Machine,Linkin Park,16,33.125,17,9.932270636667125,87.3125,3.173783333333333,1,single,True,2025-09-08,2025-11-17
The End (feat. BABYMETAL),Lil Uzi Vert,1,43.0,43,0.0,25.0,3.1207333333333334,26,album,False,2024-07-02,2024-07-02
The Great American Bar Scene,Zach Bryan,2,23.0,14,12.727922061357855,68.0,3.612,19,album,False,2025-07-06,2025-07-07
The Kind of Love We Make,Luke Combs,7,47.42857142857143,44,2.1491969707422407,83.57142857142857,3.7404333333333333,12,album,False,2024-05-30,2024-07-24
The Man He Sees in Me,Luke Combs,7,28.0,14,11.604596790352806,60.142857142857146,2.750966666666667,1,single,False,2025-06-14,2025-06-20
The Manuscript,Taylor Swift,5,42.8,36,6.300793600809346,79.8,3.7457166666666666,31,album,False,2025-04-21,2025-04-25
The Prophecy,Taylor Swift,13,34.46153846153846,25,8.66617355599137,84.92307692307692,4.16345,31,album,False,2025-04-21,2025-05-03
The Rush (feat. Big Time Rush),Lil Uzi Vert,1,33.0,33,0.0,65.0,3.1130166666666668,16,album,True,2025-11-03,2025-11-03
The Shoe Fits,Drake,2,25.0,15,14.142135623730951,33.5,6.23375,29,album,True,2024-11-18,2024-11-19
The Smallest Man Who Ever Lived,Taylor Swift,28,26.785714285714285,12,10.764678670462342,80.03571428571429,4.09235,16,album,True,2025-04-21,2025-05-18
The Story Of Us (Taylor's Version),Taylor Swift,6,24.333333333333332,13,11.67333142965909,71.5,4.460883333333333,22,album,False,2024-07-09,2024-07-14
The Thin Grey Line,$uicideboy$,5,40.6,24,10.4546640309481,57.0,1.7620666666666664,13,album,True,2025-06-16,2025-06-20
The Tortured Poets Department,Taylor Swift,28,22.857142857142858,5,12.176827676990927,84.96428571428571,4.884133333333334,16,album,True,2025-04-21,2025-05-18
The Way Back,Zach Bryan,3,44.333333333333336,36,7.371114795831993,67.66666666666667,3.092,19,album,True,2025-07-06,2025-07-09
"The girl, so confusing version with lorde",Charli xcx & Lorde,2,25.0,25,0.0,33.5,3.4323,1,single,False,2025-06-22,2025-06-23
Thick Of It (feat. Trippie Redd),KSI & Trippie Redd,2,48.0,46,2.8284271247461903,75.0,2.6807,2,single,False,2025-10-14,2025-10-15
Think U The Shit (Fart),Ice Spice,15,28.0,14,11.777702904823409,80.26666666666667,2.36065,1,single,True,2025-01-28,2025-02-12
Thinkin Bout You,Frank Ocean,7,43.57142857142857,36,5.5334480768366845,87.57142857142857,3.3457666666666666,17,album,False,2025-02-24,2025-03-02
Thinkin’ Bout Me,Morgan Wallen,324,39.01851851851852,21,7.1429215191948865,85.99074074074075,2.95645,36,album,False,2024-05-18,2025-10-14
This Christmas,Donny Hathaway,5,35.8,30,7.91833315793166,74.0,3.852883333333333,11,album,False,2024-12-23,2024-12-27
This Is Halloween,Various Artists,6,23.166666666666668,4,19.322698224281893,59.833333333333336,3.276,20,compilation,False,2024-10-29,2025-11-03
This Love (Taylor’s Version),Taylor Swift,6,35.833333333333336,21,11.49637624065369,67.83333333333333,4.168333333333333,21,album,False,2024-10-29,2024-11-03
This World's A Giant,Zach Bryan,3,23.0,11,10.583005244258363,64.66666666666667,3.6026666666666665,1,single,False,2025-11-09,2025-11-11
Thought I Was Dead (feat. ScHoolboy Q & Santigold),"Tyler, The Creator",25,26.4,6,14.130345596151095,83.48,3.454533333333333,14,album,True,2025-10-30,2025-11-23
Thriller,Michael Jackson,5,25.2,7,17.369513522260778,73.6,5.963333333333333,9,album,False,2024-10-30,2025-11-03
Thriller - 2003 Edit,Michael Jackson,1,23.0,23,0.0,56.0,5.190666666666667,18,compilation,False,2025-11-02,2025-11-02
Ticking,Zach Bryan,13,26.615384615384617,10,13.200621585986406,76.76923076923077,4.036666666666667,16,album,False,2024-08-26,2024-09-09
Timeless (Taylor’s Version) (From The Vault),Taylor Swift,6,24.0,16,8.854377448471462,70.0,5.3566,22,album,False,2024-07-09,2024-07-14
Timeless (with Playboi Carti),The Weeknd & Playboi Carti,60,10.083333333333334,1,6.919125218212972,90.7,4.266666666666667,1,single,True,2025-09-29,2025-11-27
Tobey (feat. Big Sean and BabyTron),Eminem,8,28.125,20,9.078034714943225,75.25,4.748383333333333,19,album,True,2025-07-14,2025-07-21
Tobey (feat. Big Sean and BabyTron),Eminem & Big Sean & BabyTron,8,32.875,15,7.827378689117906,77.75,4.7482,1,single,True,2025-07-04,2025-07-13
Tomorrow,"Tyler, The Creator",9,31.333333333333332,11,14.465476141489432,79.44444444444444,3.0387666666666666,14,album,True,2025-10-30,2025-11-07
Too Cool To Die,Post Malone,1,38.0,38,0.0,45.0,3.4158666666666666,17,album,True,2024-07-29,2024-07-29
Too Sweet,Hozier,230,16.465217391304346,1,11.679718123941095,83.34782608695652,4.1904,4,single,False,2025-03-24,2025-11-18
Total Eclipse of the Heart,Bonnie Tyler,1,36.0,36,0.0,80.0,4.456,48,compilation,False,2025-04-10,2025-04-10
Tough,Quavo & Lana Del Rey,20,28.45,15,10.0024996875781,84.35,3.147133333333333,1,single,False,2025-07-05,2025-07-25
Tourniquet,Zach Bryan,42,29.833333333333332,8,14.447409535152756,82.5,3.1508833333333333,16,album,True,2024-08-26,2024-10-06
Tradesman,Zach Bryan,8,32.375,18,9.210824377561744,71.75,3.128816666666667,16,album,False,2024-08-26,2024-09-02
Trae The Truth in Ibiza,J. Cole,1,34.0,34,0.0,67.0,4.257333333333333,12,album,True,2025-04-07,2025-04-07
Training Season,Dua Lipa,8,32.0,24,6.458659745975609,85.25,3.49145,4,single,False,2025-02-18,2025-02-25
Trance (with Travis Scott & Young Thug),Metro Boomin,19,44.421052631578945,33,4.7878989763973845,90.3157894736842,3.2464333333333335,15,album,True,2024-05-18,2024-06-17
Tried Our Best,Drake,7,21.428571428571427,12,6.1062029351892875,66.0,3.4998333333333327,23,album,True,2024-10-07,2024-10-13
Trouble,Eminem,4,26.5,11,10.598742063723098,77.25,0.69145,19,album,True,2025-07-14,2025-07-17
Try That In A Small Town,Jason Aldean,7,12.142857142857142,6,4.980915960897534,77.28571428571429,3.00055,2,single,True,2024-07-22,2024-07-28
Tu Boda,Oscar Maydon & Fuerza Regida,39,23.58974358974359,11,7.704127221711301,91.33333333333333,3.764666666666667,1,single,True,2025-10-20,2025-11-27
Turks & Caicos (feat. 21 Savage),Rod Wave,1,43.0,43,0.0,66.0,3.3890833333333332,18,album,True,2024-09-17,2024-09-17
Two Faced,Linkin Park,1,46.0,46,0.0,69.0,3.0597333333333334,11,album,False,2025-11-17,2025-11-17
Type Shit,Future & Metro Boomin,85,25.67058823529412,3,13.612309061404433,88.61176470588235,3.804433333333333,17,album,True,2025-03-24,2025-06-19
Tú Con Él,Rauw Alejandro,1,44.0,44,0.0,69.0,4.81885,18,album,False,2025-11-17,2025-11-17
UN PREVIEW,Bad Bunny,17,26.235294117647058,3,14.337579170508118,74.3529411764706,2.7597,1,single,False,2024-09-27,2024-10-18
UNA NOCHE EN MEDELLÍN - REMIX,KAROL G,1,40.0,40,0.0,56.0,3.4190666666666667,9,album,True,2024-08-13,2024-08-13
Una Velita,Bad Bunny,1,20.0,20,0.0,72.0,3.9997666666666665,1,single,True,2025-09-22,2025-09-22
Uncle M,Young Thug,1,38.0,38,0.0,69.0,2.3333333333333335,15,album,True,2024-06-25,2024-06-25
Underneath the Tree,Kelly Clarkson,34,20.294117647058822,10,8.778518587540859,83.05882352941177,3.8273333333333333,14,album,False,2024-11-24,2024-12-27
Used To Be Young,Miley Cyrus,17,22.941176470588236,10,11.945033425211156,74.41176470588235,3.1864166666666667,14,album,False,2024-08-26,2024-09-11
VOU 787,Bad Bunny,3,23.666666666666668,11,21.93931022920578,53.333333333333336,2.0607166666666665,22,album,True,2024-10-14,2024-10-16
VUELVE CANDY B,Bad Bunny,2,22.0,22,0.0,39.0,4.436183333333333,22,album,True,2024-10-14,2024-10-15
VULTURES,Kanye West & Ty Dolla $ign,3,21.333333333333332,17,3.785938897200183,79.66666666666667,4.616433333333333,16,album,True,2025-02-13,2025-02-15
VULTURES,¥$ & Kanye West & Ty Dolla $ign,1,49.0,49,0.0,26.0,4.616433333333333,16,album,True,2025-02-17,2025-02-17
VVS,Peso Pluma,4,29.0,16,10.392304845413264,78.0,2.7112666666666665,14,album,True,2024-06-25,2024-06-28
Virginia Beach,Drake,28,19.071428571428573,2,12.11955435994236,82.60714285714286,4.1849,23,album,True,2024-10-07,2024-11-23
Vultures,¥$ & Kanye West & Ty Dolla $ign,2,33.5,33,0.7071067811865476,32.5,4.2876666666666665,1,single,True,2024-11-23,2025-02-16
WHATCHU KNO ABOUT ME (feat. Sexyy Red),GloRilla,12,33.416666666666664,22,6.921092049056645,78.25,2.491016666666667,15,album,True,2025-11-16,2025-11-27
WHERE SHE GOES,Bad Bunny,94,21.79787234042553,1,14.553261310758725,95.2872340425532,3.861733333333333,1,single,True,2024-05-21,2024-10-18
WHISKEY WHISKEY (feat. Morgan Wallen),Moneybagg Yo,3,39.666666666666664,38,2.886751345948128,64.33333333333333,2.6842,17,album,True,2025-06-20,2025-06-23
WILDFLOWER,Billie Eilish,147,27.959183673469386,10,12.536455088196254,90.07482993197279,4.357766666666667,10,album,False,2025-05-19,2025-11-27
WTFYM,Future & Metro Boomin,1,40.0,40,0.0,0.0,4.876666666666667,17,album,True,2025-03-24,2025-03-24
Wagon Wheel,Darius Rucker,2,41.0,41,0.0,83.0,4.972883333333334,12,album,False,2024-07-05,2024-07-06
Wanna Be (with Megan Thee Stallion),GloRilla,19,37.63157894736842,25,8.970386628084093,75.73684210526316,2.6074,12,album,True,2025-04-08,2025-06-08
Want Me Dead (feat. 21 Savage),Young Thug,1,33.0,33,0.0,69.0,3.2451,15,album,True,2024-06-25,2024-06-25
War Bout It (feat. 21 Savage),Lil Durk,3,29.333333333333332,13,17.61628034896508,77.33333333333333,2.670033333333334,21,album,True,2024-05-28,2024-05-30
Wasted On You,Morgan Wallen,193,34.740932642487046,14,11.073393090752006,86.56994818652849,2.9753333333333334,30,album,False,2024-05-18,2025-04-20
Watch This - ARIZONATEARS Pluggnb Remix,Lil Uzi Vert & sped up nightcore & ARIZONATEARS,3,47.0,46,1.0,89.0,2.7189833333333335,1,single,True,2024-05-18,2024-05-20
Water,Tyla,52,31.423076923076923,11,8.289719959900616,94.36538461538461,3.337583333333334,1,single,False,2024-10-19,2025-03-05
We Don't Trust You,Future & Metro Boomin,13,27.307692307692307,4,16.947883916016455,78.15384615384616,3.7702166666666668,17,album,True,2025-03-24,2025-04-06
We Found Love,Rihanna,1,38.0,38,0.0,85.0,3.5871,11,album,False,2025-01-03,2025-01-03
We Good,Lil Uzi Vert,1,14.0,14,0.0,67.0,2.0833333333333335,16,album,True,2025-11-03,2025-11-03
We Still Don't Trust You,Future & Metro Boomin,7,22.714285714285715,15,5.851332774513447,80.71428571428571,4.215333333333334,25,album,True,2025-04-14,2025-04-20
Welcome To New York (Taylor's Version),Taylor Swift,10,24.0,9,12.292725943057183,77.6,3.543333333333334,21,album,False,2024-10-29,2024-11-07
Werewolf (feat. Bring Me The Horizon),Lil Uzi Vert,3,34.666666666666664,24,12.897028081435403,74.33333333333333,3.997716666666667,26,album,True,2024-07-02,2024-07-04
What Don't Belong To Me,Post Malone,7,27.571428571428573,16,11.759494644146672,68.14285714285714,3.452933333333333,18,album,False,2025-08-17,2025-08-23
What Is This Feeling?,Wicked Movie Cast & Cynthia Erivo & Ariana Grande,1,45.0,45,0.0,73.0,3.8157833333333335,12,album,False,2025-11-27,2025-11-27
"What Was I Made For? [From The Motion Picture ""Barbie""]",Billie Eilish,142,26.45774647887324,3,13.732822017319844,95.2394366197183,3.7061500000000005,1,single,False,2024-07-16,2025-03-16
What Would Pluto Do,Drake,7,18.285714285714285,14,3.3022358947782497,66.0,3.0499666666666667,23,album,True,2024-10-07,2024-10-13
Whatever She Wants,Bryson Tiller,79,23.40506329113924,4,14.5386478644581,87.82278481012658,2.689033333333333,1,single,True,2025-02-19,2025-05-23
Whatever She Wants [BONUS],Bryson Tiller,10,20.9,17,2.0789954839350226,62.7,2.689033333333333,19,album,True,2025-04-07,2025-04-16
When Emma Falls in Love (Taylor’s Version) (From The Vault),Taylor Swift,7,21.571428571428573,12,12.554642472768695,73.42857142857143,4.206416666666667,22,album,False,2024-07-09,2024-07-15
When It Rains It Pours,Luke Combs,6,47.166666666666664,43,3.311595788538611,84.5,4.012666666666667,12,album,False,2024-07-05,2025-07-30
Where the Wild Things Are,Luke Combs,46,43.67391304347826,34,4.94437659400876,84.26086956521739,3.9922166666666667,18,album,False,2025-03-18,2025-08-02
Whiskey Glasses,Morgan Wallen,9,46.22222222222222,39,3.38296385503074,85.33333333333333,3.9057666666666666,14,album,False,2024-05-29,2024-07-25
White Christmas - 1947 Version,Bing Crosby & Fred Astaire,56,25.285714285714285,11,10.494525474506457,82.82142857142857,2.9580000000000006,12,album,False,2024-11-02,2024-12-27
White Horse,Chris Stapleton,2,35.5,35,0.7071067811865476,41.0,4.464883333333334,14,album,False,2024-11-11,2024-11-12
Who,Jimin,129,7.658914728682171,1,5.1348930795085215,92.7984496124031,2.848116666666667,7,album,False,2025-07-21,2025-11-27
Who Told You (feat. Drake),J Hus & Drake,1,31.0,31,0.0,77.0,3.48195,1,single,False,2024-06-11,2024-06-11
Who’s Afraid of Little Old Me?,Taylor Swift,41,21.70731707317073,7,13.509707440279792,83.48780487804878,5.568066666666667,16,album,False,2025-04-21,2025-06-01
Wick Man,Drake,1,21.0,21,0.0,0.0,3.0238,29,album,True,2024-11-18,2024-11-18
Wild Ones (feat. Jelly Roll),Jessie Murph & Jelly Roll,3,46.666666666666664,46,1.1547005383792526,84.0,2.356116666666667,1,single,True,2025-04-14,2025-04-16
Wildest Dreams (Taylor's Version),Taylor Swift,15,29.2,10,13.417472617023352,79.2,3.6738833333333334,21,album,False,2024-10-29,2024-11-14
Wildflower and Barley (feat. Allison Russell),Hozier,2,32.0,16,22.627416997969522,55.5,3.70295,4,single,False,2025-03-24,2025-03-26
Wind Up Missin’ You,Tucker Wetmore,13,46.07692307692308,41,3.2005608482873353,71.6923076923077,2.7689384615384616,1,single,True,2025-06-09,2025-10-07
Winter Wonderland - Remastered,Bing Crosby,3,46.666666666666664,46,1.154700538379251,74.0,2.3746666666666667,11,album,False,2024-12-25,2024-12-27
Winter Wonderland - Spotify Singles Holiday,Laufey,4,39.75,37,2.0615528128088303,87.0,2.2133333333333334,1,single,False,2024-12-24,2024-12-27
"Wit Da Racks (feat. 21 Savage, Travis Scott & Yak Gotti)",Young Thug,1,13.0,13,0.0,71.0,3.77355,15,album,True,2024-06-25,2024-06-25
Wonderful Christmastime - Edited Version / Remastered 2011,Paul McCartney,13,38.0,26,8.366600265340756,90.61538461538461,3.794216666666667,19,album,False,2024-12-11,2024-12-27
Wonderland (Taylor's Version),Taylor Swift,6,30.5,19,9.22496612459905,68.16666666666667,4.092766666666667,21,album,False,2024-10-29,2024-11-03
World Tour (Aquafina),Juice WRLD,1,49.0,49,0.0,68.0,2.5951833333333334,2,single,True,2025-09-12,2025-09-12
Wrong Ones (Feat. Tim McGraw),Post Malone,7,18.285714285714285,9,5.707138387268052,69.42857142857143,3.2637,18,album,True,2025-08-17,2025-08-23
YA YA,Beyoncé,7,31.142857142857142,20,10.714920616109286,78.14285714285714,4.579433333333333,27,album,True,2025-03-31,2025-04-06
Yeah Glo!,GloRilla,28,44.285714285714285,32,4.378881498122916,77.75,2.378366666666667,12,album,True,2025-05-13,2025-07-05
Yeah! (feat. Lil Jon & Ludacris),USHER,8,30.5,8,14.5209208680835,88.5,4.172883333333333,21,album,False,2025-02-13,2025-02-20
You Are In Love (Taylor's Version),Taylor Swift,6,32.0,22,9.633275663033835,68.0,4.456483333333333,21,album,False,2024-10-29,2024-11-03
You Broke My Heart,Drake,7,16.0,2,11.40175425099138,66.28571428571429,3.84515,29,album,True,2024-11-18,2024-11-24
You Proof,Morgan Wallen,302,32.59933774834437,9,12.026068012959367,84.66225165562913,2.624616666666667,36,album,False,2024-05-18,2025-08-12
You Should Probably Leave,Chris Stapleton,2,46.0,46,0.0,86.0,3.5582166666666666,14,album,False,2025-02-26,2025-02-27
Young Metro,Future & Metro Boomin,13,29.53846153846154,6,16.199873377156297,77.61538461538461,3.422433333333333,17,album,True,2025-03-24,2025-04-06
"Your Needs, My Needs",Noah Kahan,1,47.0,47,0.0,64.0,3.4646666666666666,21,album,False,2024-06-11,2024-06-11
Yours,Post Malone,1,46.0,46,0.0,37.0,3.3239666666666667,18,album,False,2025-08-17,2025-08-17
You’re Gonna Go Far,Noah Kahan,1,39.0,39,0.0,65.0,4.7728166666666665,21,album,True,2024-06-11,2024-06-11
You’re Losing Me (From The Vault),Taylor Swift,16,21.5,1,18.611824198610947,84.75,4.630516666666667,1,single,False,2024-11-30,2024-12-16
Zoom (Bonus Track),Lil Uzi Vert,1,32.0,32,0.0,70.0,2.7668666666666666,26,album,True,2024-07-02,2024-07-02
act ii: date @ 8,4batz,53,37.283018867924525,25,6.904227686131508,85.16981132075472,1.8947610062893083,1,single,True,2025-01-18,2025-03-13
act ii: date @ 8 (feat. Drake) - remix,4batz & Drake,13,33.23076923076923,16,8.955015784034538,82.3076923076923,3.855633333333333,1,single,True,2025-03-10,2025-03-23
all of me,21 Savage,10,22.9,8,14.145670715805597,83.6,3.304866666666667,15,album,True,2025-01-14,2025-01-24
all-american bitch,Olivia Rodrigo,27,17.703703703703702,4,12.076088308384833,88.48148148148148,2.7638833333333332,12,album,True,2024-09-10,2024-10-06
august,Taylor Swift,39,30.641025641025642,9,10.810538667836996,91.7948717948718,4.365366666666667,16,album,False,2024-08-03,2025-08-03
back at it,Gunna,1,44.0,44,0.0,67.0,3.102883333333333,15,album,True,2024-06-18,2024-06-18
back to the moon,Gunna,2,27.5,18,13.435028842544403,71.0,3.2222166666666667,15,album,True,2024-06-18,2024-06-19
bad idea right?,Olivia Rodrigo,83,17.843373493975903,1,14.33610649571082,90.855421686747,3.0797166666666667,1,single,True,2024-08-13,2024-11-10
ballad of a homeschooled girl,Olivia Rodrigo,14,18.571428571428573,10,7.418420791042189,85.14285714285714,3.389483333333333,12,album,False,2024-09-10,2024-09-23
bye,Ariana Grande,13,16.846153846153847,2,9.538047964565862,85.92307692307692,2.7487833333333334,13,album,False,2025-03-10,2025-03-23
cardigan,Taylor Swift,13,45.53846153846154,36,5.4713707090543044,91.53846153846153,3.9926666666666666,16,album,False,2024-08-07,2024-10-26
dangerous,21 Savage,5,26.2,15,11.861703081766969,79.0,4.42175,15,album,True,2025-01-14,2025-01-18
"dodger blue (feat. wallie the sensei, roddy ricch, siete7x)",Kendrick Lamar,1,10.0,10,0.0,28.0,2.187333333333333,12,album,False,2025-11-24,2025-11-24
"dodger blue (feat. wallie the sensei, siete7x, roddy ricch)",Kendrick Lamar,2,7.5,7,0.7071067811865476,81.0,2.187333333333333,12,album,True,2025-11-26,2025-11-27
"dodger blue (feat. wallie the sensei, siete7x, roddy ricch))",Kendrick Lamar,1,8.0,8,0.0,77.0,2.187333333333333,12,album,True,2025-11-25,2025-11-25
don't wanna break up again,Ariana Grande,11,26.363636363636363,7,13.36617168281724,84.18181818181819,2.9001,13,album,True,2025-03-10,2025-03-21
eternal sunshine,Ariana Grande,13,15.538461538461538,5,8.089245789064481,84.15384615384616,3.5033333333333334,13,album,False,2025-03-10,2025-03-23
euphoria,Kendrick Lamar,63,22.53968253968254,1,15.534379559051924,88.36507936507937,6.393983333333333,1,single,True,2025-05-02,2025-07-03
exes,Tate McRae,66,37.621212121212125,13,10.090002899313678,83.74242424242425,2.6566666666666667,2,single,True,2024-11-18,2025-02-10
fukumean,Gunna,236,15.055084745762711,1,12.463783090577186,93.44915254237289,2.084,15,album,True,2024-06-19,2025-02-18
get him back!,Olivia Rodrigo,34,17.147058823529413,3,14.2214783209341,90.3529411764706,3.5190166666666665,12,album,True,2024-09-10,2024-10-13
girl i’ve always been,Olivia Rodrigo,1,29.0,29,0.0,44.0,2.0225666666666666,17,album,False,2025-03-24,2025-03-24
gloria (feat. sza),Kendrick Lamar,1,17.0,17,0.0,26.0,4.792033333333333,12,album,False,2025-11-24,2025-11-24
gloria (with sza),Kendrick Lamar,3,13.333333333333334,12,1.5275252316519465,78.0,4.792033333333333,12,album,True,2025-11-25,2025-11-27
"gnx (feat. hitta j3, youngthreat, peysoh)",Kendrick Lamar,4,14.0,11,2.1602468994692865,65.25,3.22565,12,album,False,2025-11-24,2025-11-27
golden hour,JVKE,40,43.1,31,5.309884348540163,90.3,3.48765,12,album,False,2024-05-18,2024-06-30
greedy,Tate McRae,217,14.110599078341014,3,8.566014248319142,96.06451612903226,2.1978666666666666,1,single,True,2024-09-17,2025-05-02
heart pt. 6,Kendrick Lamar,4,10.75,9,1.5,66.5,4.87435,12,album,False,2025-11-24,2025-11-27
hey now (feat. dody6),Kendrick Lamar,4,5.0,5,0.0,68.25,3.624633333333333,12,album,False,2025-11-24,2025-11-27
i like the way you kiss me,Artemas,100,19.09,3,11.981547260161133,96.23,2.3752333333333335,1,single,False,2025-03-27,2025-07-04
i wish i hated you,Ariana Grande,7,26.428571428571427,19,8.403514004215596,81.71428571428571,2.56055,13,album,False,2025-03-10,2025-03-17
if u think i'm pretty,Artemas,6,47.833333333333336,46,1.3291601358251257,85.33333333333333,2.13675,13,album,True,2025-04-11,2025-04-19
imgonnagetyouback,Taylor Swift,15,29.733333333333334,22,8.258905727124134,86.2,3.7012,31,album,False,2025-04-21,2025-05-05
imperfect for you,Ariana Grande,7,29.285714285714285,22,7.910210399946931,81.0,3.0427666666666666,13,album,True,2025-03-10,2025-03-17
intro (end of the world),Ariana Grande,9,26.77777777777778,8,13.470131567451167,83.44444444444444,1.54,13,album,True,2025-03-10,2025-03-20
just like me,21 Savage,2,46.0,46,0.0,73.5,3.8556333333333335,15,album,True,2025-01-14,2025-01-15
lacy,Olivia Rodrigo,18,22.38888888888889,10,12.334260696454594,85.5,2.953533333333333,12,album,False,2024-09-10,2024-09-27
letter to my brudda,21 Savage,2,36.0,36,0.0,75.0,2.6522166666666664,15,album,True,2025-01-14,2025-01-15
logical,Olivia Rodrigo,14,19.142857142857142,9,9.614549414276285,85.14285714285714,3.8651166666666668,12,album,False,2024-09-10,2024-09-23
loml,Taylor Swift,22,29.954545454545453,13,12.785696147415125,81.5909090909091,4.619266666666666,16,album,True,2025-04-21,2025-05-12
love hotel,leftovermax,1,37.0,37,0.0,95.0,2.5396666666666667,1,single,False,2025-05-24,2025-05-24
love is embarrassing,Olivia Rodrigo,14,20.785714285714285,12,8.29437781251272,84.92857142857143,2.575266666666667,12,album,True,2024-09-10,2024-09-23
luther (with sza),Kendrick Lamar,4,2.75,2,0.5,51.5,2.959966666666667,12,album,False,2025-11-24,2025-11-27
making the bed,Olivia Rodrigo,14,14.571428571428571,7,6.477348528220784,85.35714285714286,3.314433333333333,12,album,False,2024-09-10,2024-09-23
man at the garden,Kendrick Lamar,4,6.25,4,1.707825127659933,68.5,3.886216666666667,12,album,False,2025-11-24,2025-11-27
meet the grahams,Kendrick Lamar,13,13.923076923076923,5,7.931598603702561,84.23076923076923,6.535633333333333,1,single,True,2025-05-07,2025-05-19
misses,Dominic Fike,2,47.5,47,0.7071067811865476,85.0,1.2396333333333334,8,album,False,2025-07-24,2025-07-31
n.h.i.e.,21 Savage,14,21.285714285714285,6,12.356428233163443,84.92857142857143,2.3953,15,album,True,2025-01-14,2025-01-27
née-nah,21 Savage,27,24.14814814814815,4,15.396562312871373,87.77777777777777,3.6764,15,album,True,2025-01-14,2025-02-10
obsessed,Olivia Rodrigo,27,29.074074074074073,9,11.020700542880224,85.48148148148148,2.84235,17,album,True,2025-03-24,2025-04-20
on one tonight,Gunna,3,48.666666666666664,48,1.154700538379251,81.33333333333333,1.5126666666666668,20,album,True,2025-11-11,2025-11-23
one of wun,Gunna,68,38.69117647058823,19,9.159054492264689,84.20588235294117,2.4,20,album,True,2025-05-17,2025-11-07
ordinary things (feat. Nonna),Ariana Grande,5,36.0,28,7.810249675906654,75.0,2.808333333333333,13,album,False,2025-03-10,2025-03-15
peekaboo (feat. azchike),Kendrick Lamar,4,10.25,9,0.9574271077563381,66.0,2.5986166666666666,12,album,False,2025-11-24,2025-11-27
pop ur shit,21 Savage,5,23.2,13,11.627553482998906,79.4,3.222,15,album,True,2025-01-14,2025-01-18
pretty isn’t pretty,Olivia Rodrigo,14,29.142857142857142,14,13.88334443667133,83.92857142857143,3.3237,12,album,True,2024-09-10,2024-09-23
prove it,21 Savage,3,30.666666666666668,25,9.814954576223638,75.66666666666667,3.45975,15,album,True,2025-01-14,2025-01-16
red sky,21 Savage,3,34.333333333333336,29,9.237604307034012,75.33333333333333,2.94725,15,album,True,2025-01-14,2025-01-16
redrum,21 Savage,116,15.89655172413793,2,15.525227330321803,93.62068965517241,4.511616666666667,15,album,True,2025-01-14,2025-05-18
reincarnated,Kendrick Lamar,4,6.5,6,0.5773502691896258,68.25,4.595666666666666,12,album,False,2025-11-24,2025-11-27
run for the hills,Tate McRae,4,40.25,34,7.22841614740048,77.25,2.399,14,album,True,2024-12-10,2024-12-14
scared of my guitar,Olivia Rodrigo,1,32.0,32,0.0,44.0,4.3988,17,album,False,2025-03-24,2025-03-24
see the real,21 Savage,2,39.0,39,0.0,74.5,3.0339833333333335,15,album,True,2025-01-14,2025-01-15
should've wore a bonnet,21 Savage,4,31.0,21,12.24744871391589,76.5,3.112833333333333,15,album,True,2025-01-14,2025-01-17
sneaky,21 Savage,6,30.5,17,13.03456942135029,80.5,3.3612,15,album,True,2025-01-14,2025-01-20
so american,Olivia Rodrigo,6,30.333333333333332,20,8.04155872120988,73.66666666666667,2.8286166666666666,17,album,True,2025-03-24,2025-03-30
squabble up,Kendrick Lamar,4,1.0,1,0.0,71.25,2.6332,12,album,False,2025-11-24,2025-11-27
stranger,Olivia Rodrigo,1,30.0,30,0.0,43.0,3.21285,17,album,False,2025-03-24,2025-03-24
supernatural,Ariana Grande,12,23.833333333333332,9,12.246211535397263,84.83333333333333,2.7230166666666666,13,album,False,2025-03-10,2025-03-22
teenage dream,Olivia Rodrigo,9,27.22222222222222,17,13.026682019779422,82.11111111111111,3.705966666666667,12,album,False,2024-09-10,2024-09-19
thanK you aIMee,Taylor Swift,9,28.77777777777778,18,9.731107051330001,84.66666666666667,4.39695,31,album,True,2025-04-21,2025-04-29
the boy is mine,Ariana Grande,23,20.043478260869566,4,14.977189507167118,87.3913043478261,2.8939833333333334,13,album,True,2025-03-10,2025-04-06
the grudge,Olivia Rodrigo,22,20.727272727272727,6,14.765409442928293,86.72727272727273,3.1564333333333328,12,album,True,2024-09-10,2024-10-01
true story,Ariana Grande,8,25.0,11,12.20070255588353,83.0,2.7213,13,album,False,2025-03-10,2025-03-18
tv off (feat. lefty gunplay),Kendrick Lamar,4,3.25,2,1.8929694486000912,69.25,3.678166666666667,12,album,False,2025-11-24,2025-11-27
un x100to,Grupo Frontera,21,43.19047619047619,21,7.131753274048729,71.19047619047619,3.2427166666666665,11,album,False,2024-08-05,2024-09-17
un x100to,Grupo Frontera & Bad Bunny,79,13.329113924050633,3,10.875426922344943,99.20253164556962,3.242716666666667,1,single,False,2024-05-18,2024-08-04
us. (feat. Taylor Swift),Gracie Abrams,8,29.75,12,12.302729081677075,71.5,4.044433333333333,13,album,True,2025-06-22,2025-06-29
vampire,Olivia Rodrigo,258,22.337209302325583,1,14.69980581553335,94.68992248062015,3.6620666666666666,1,single,True,2024-07-02,2025-03-30
wacced out murals,Kendrick Lamar,4,3.5,2,1.0,70.75,5.284866666666667,12,album,False,2025-11-24,2025-11-27
we can't be friends (wait for your love),Ariana Grande,116,22.974137931034484,1,14.171288307484716,92.16379310344827,3.81065,13,album,False,2025-03-10,2025-07-26
we fell in love in october,girl in red,11,46.63636363636363,38,3.748939243912264,86.72727272727273,3.0692166666666667,3,single,False,2024-10-04,2025-10-11
x2,Lil Uzi Vert,3,24.0,8,17.69180601295413,76.33333333333333,3.9054,26,album,True,2024-07-02,2024-07-04
"yes, and?",Ariana Grande,43,15.581395348837209,1,10.830364189759964,91.34883720930233,3.5832333333333337,1,single,True,2025-01-14,2025-03-23
you look like you love me (feat. Riley Green),Ella Langley & Riley Green,18,36.611111111111114,22,8.261454713724945,78.77777777777777,3.7380000000000004,1,single,False,2025-06-29,2025-07-20
